date,equity
2021-07-22,99967.37
2021-07-23,100664.53
2021-07-26,100522.98
2021-07-27,99629.07
2021-07-28,99941.63
2021-07-29,99976.34
2021-07-30,99594.2
2021-08-02,99650.26
2021-08-03,100139.93
2021-08-04,100430.92
2021-08-05,100945.94
2021-08-06,100709.21
2021-08-09,100878.41
2021-08-10,100347.8
2021-08-11,100250.91
2021-08-12,100672.89
2021-08-13,100847.51
2021-08-16,100537.78
2021-08-17,99928.98
2021-08-18,99262.54
2021-08-19,99646.16
2021-08-20,100437.27
2021-08-23,101614.99
2021-08-24,101881.95
2021-08-25,102032.1
2021-08-26,101574.61
2021-08-27,102553.36
2021-08-30,103408.59
2021-08-31,103231.66
2021-09-01,103508.23
2021-09-02,103484.77
2021-09-03,103757.82
2021-09-07,103525.42
2021-09-08,102924.91
2021-09-09,102649.3
2021-09-10,102018.27
2021-09-13,101690.34
2021-09-14,101598.1
2021-09-15,102157.5
2021-09-16,102279.76
2021-09-17,101421.06
2021-09-20,99709.32
2021-09-21,99809.57
2021-09-22,100559.01
2021-09-23,101403.22
2021-09-24,101387.51
2021-09-27,100501.69
2021-09-28,97921.29
2021-09-29,97576.96
2021-09-30,97379.41
2021-10-01,97882.04
2021-10-04,95910.65
2021-10-05,96928.8
2021-10-06,97219.84
2021-10-07,98148.53
2021-10-08,97688.83
2021-10-11,96991.29
2021-10-12,96756.61
2021-10-13,97650.94
2021-10-14,98970.39
2021-10-15,99366.37
2021-10-18,100193.9
2021-10-19,100847.62
2021-10-20,100757.08
2021-10-21,101385.01
2021-10-22,100828.38
2021-10-25,101319.85
2021-10-26,101272.39
2021-10-27,101137.99
2021-10-28,102485.51
2021-10-29,102462.1
2021-11-01,102917.25
2021-11-02,102862.81
2021-11-03,103854.91
2021-11-04,104536.05
2021-11-05,104298.09
2021-11-08,104770.7
2021-11-09,104282.36
2021-11-10,103004.76
2021-11-11,103657.36
2021-11-12,104491.6
2021-11-15,104418.28
2021-11-16,105813.83
2021-11-17,105265.78
2021-11-18,105899.13
2021-11-19,106434.69
2021-11-22,105302.78
2021-11-23,104677.36
2021-11-24,105413.59
2021-11-26,103770.81
2021-11-29,105647.32
2021-11-30,103851.47
2021-12-01,102160.55
2021-12-02,102991.61
2021-12-03,101737.96
2021-12-06,101870.16
2021-12-07,104694.03
2021-12-08,105029.95
2021-12-09,103714.54
2021-12-10,104444.22
2021-12-13,102930.95
2021-12-14,101826.83
2021-12-15,103951.3
2021-12-16,101388.19
2021-12-17,101021.06
2021-12-20,100038.24
2021-12-21,102506.19
2021-12-22,103410.81
2021-12-23,104109.79
2021-12-27,105727.99
2021-12-28,105089.85
2021-12-29,105090.24
2021-12-30,104712.26
2021-12-31,104277.95
2022-01-03,104896.49
2022-01-04,103911.65
2022-01-05,101222.54
2022-01-06,101346.4
2022-01-07,100064.25
2022-01-10,100152.36
2022-01-11,101391.88
2022-01-12,101525.42
2022-01-13,99358.86
2022-01-14,99860.07
2022-01-18,97578.44
2022-01-19,96493.74
2022-01-20,95330.63
2022-01-21,95073.65
2022-01-24,95339.09
2022-01-25,94728.13
2022-01-26,94625.98
2022-01-27,94710.98
2022-01-28,95246.26
2022-01-31,95541.74
2022-02-01,95637.88
2022-02-02,96338.51
2022-02-03,94039.68
2022-02-04,94052.47
2022-02-07,94060.77
2022-02-08,94172.46
2022-02-09,94263.13
2022-02-10,92964.52
2022-02-11,92808.87
2022-02-14,92712.96
2022-02-15,92802.27
2022-02-16,92613.86
2022-02-17,92484.92
2022-02-18,92450.8
2022-02-22,92375.62
2022-02-23,92083.79
2022-02-24,92037.37
2022-02-25,91993.63
2022-02-28,91857.77
2022-03-01,91544.67
2022-03-02,92415.36
2022-03-03,92244.21
2022-03-04,91635.48
2022-03-07,90926.56
2022-03-08,90821.78
2022-03-09,91154.05
2022-03-10,91092.76
2022-03-11,91104.6
2022-03-14,90856.41
2022-03-15,91192.22
2022-03-16,91332.8
2022-03-17,91380.36
2022-03-18,91577.18
2022-03-21,91577.17
2022-03-22,91607.02
2022-03-23,91559.65
2022-03-24,91684.53
2022-03-25,91758.56
2022-03-28,91786.7
2022-03-29,91848.92
2022-03-30,91155.46
2022-03-31,91055.67
2022-04-01,90982.14
2022-04-04,90962.26
2022-04-05,89840.26
2022-04-06,89792.66
2022-04-07,89756.15
2022-04-08,89617.45
2022-04-11,89247.1
2022-04-12,89091.42
2022-04-13,89366.55
2022-04-14,89164.0
2022-04-18,89285.31
2022-04-19,89593.89
2022-04-20,89610.53
2022-04-21,89368.48
2022-04-22,89132.39
2022-04-25,89357.85
2022-04-26,88803.98
2022-04-27,88778.25
2022-04-28,89138.73
2022-04-29,88617.46
2022-05-02,88633.24
2022-05-03,88709.42
2022-05-04,89047.11
2022-05-05,88584.29
2022-05-06,88323.66
2022-05-09,87511.39
2022-05-10,87496.15
2022-05-11,87429.68
2022-05-12,87485.99
2022-05-13,87651.92
2022-05-16,87652.49
2022-05-17,87759.77
2022-05-18,87455.27
2022-05-19,87382.99
2022-05-20,87318.31
2022-05-23,87309.07
2022-05-24,87237.23
2022-05-25,87230.79
2022-05-26,87230.79
2022-05-27,87230.79
2022-05-31,87246.86
2022-06-01,87241.02
2022-06-02,87241.02
2022-06-03,87241.02
2022-06-06,87241.02
2022-06-07,87239.93
2022-06-08,87181.7
2022-06-09,87216.58
2022-06-10,87112.67
2022-06-13,86754.38
2022-06-14,86586.24
2022-06-15,86885.44
2022-06-16,86405.44
2022-06-17,86454.02
2022-06-21,86553.56
2022-06-22,86506.03
2022-06-23,86510.48
2022-06-24,86663.93
2022-06-27,86645.64
2022-06-28,86526.95
2022-06-29,86474.63
2022-06-30,86461.38
2022-07-01,86481.21
2022-07-05,86417.75
2022-07-06,86425.01
2022-07-07,86474.87
2022-07-08,86468.34
2022-07-11,86477.95
2022-07-12,86443.77
2022-07-13,86413.39
2022-07-14,86378.17
2022-07-15,86394.19
2022-07-18,86378.95
2022-07-19,86239.24
2022-07-20,86078.82
2022-07-21,86160.06
2022-07-22,86035.55
2022-07-25,86117.07
2022-07-26,86007.1
2022-07-27,86036.02
2022-07-28,85914.2
2022-07-29,85895.04
2022-08-01,85897.41
2022-08-02,85881.27
2022-08-03,85891.81
2022-08-04,85934.2
2022-08-05,85899.45
2022-08-08,85879.87
2022-08-09,85761.09
2022-08-10,85808.28
2022-08-11,85748.66
2022-08-12,85811.37
2022-08-15,85848.62
2022-08-16,85883.67
2022-08-17,85840.83
2022-08-18,85811.29
2022-08-19,85766.78
2022-08-22,85683.3
2022-08-23,85655.43
2022-08-24,85733.4
2022-08-25,86085.04
2022-08-26,85298.99
2022-08-29,85174.32
2022-08-30,85009.98
2022-08-31,84862.38
2022-09-01,84208.16
2022-09-02,84118.4
2022-09-06,83872.17
2022-09-07,84325.57
2022-09-08,84666.85
2022-09-09,85071.27
2022-09-12,85223.83
2022-09-13,84598.45
2022-09-14,84697.48
2022-09-15,84296.67
2022-09-16,84133.91
2022-09-19,84217.66
2022-09-20,83979.65
2022-09-21,83736.1
2022-09-22,83431.27
2022-09-23,83104.4
2022-09-26,82995.41
2022-09-27,83181.95
2022-09-28,83463.27
2022-09-29,83128.07
2022-09-30,83038.86
2022-10-03,82883.03
2022-10-04,83350.72
2022-10-05,83250.54
2022-10-06,83304.42
2022-10-07,82808.47
2022-10-10,82619.93
2022-10-11,82472.03
2022-10-12,82269.41
2022-10-13,82530.36
2022-10-14,82230.85
2022-10-17,82619.93
2022-10-18,82773.13
2022-10-19,82593.99
2022-10-20,82658.38
2022-10-21,82913.07
2022-10-24,83133.66
2022-10-25,83425.55
2022-10-26,83286.83
2022-10-27,83403.44
2022-10-28,83627.69
2022-10-31,83476.73
2022-11-01,83821.3
2022-11-02,83478.71
2022-11-03,83478.98
2022-11-04,83603.94
2022-11-07,83723.06
2022-11-08,83728.33
2022-11-09,83702.19
2022-11-10,83932.79
2022-11-11,84029.69
2022-11-14,83992.44
2022-11-15,84145.09
2022-11-16,84020.02
2022-11-17,83920.08
2022-11-18,83946.16
2022-11-21,83872.76
2022-11-22,83901.31
2022-11-23,83895.17
2022-11-25,83918.77
2022-11-28,83850.6
2022-11-29,83818.04
2022-11-30,83899.84
2022-12-01,84001.74
2022-12-02,84002.91
2022-12-05,83815.74
2022-12-06,83719.35
2022-12-07,83710.54
2022-12-08,83982.83
2022-12-09,84000.19
2022-12-12,84444.68
2022-12-13,84666.84
2022-12-14,84567.85
2022-12-15,83947.39
2022-12-16,83892.48
2022-12-19,83670.49
2022-12-20,83779.2
2022-12-21,84058.74
2022-12-22,83634.65
2022-12-23,83666.74
2022-12-27,83619.87
2022-12-28,83418.95
2022-12-29,83780.91
2022-12-30,83790.39
2023-01-03,83919.85
2023-01-04,83993.94
2023-01-05,83799.2
2023-01-06,84571.0
2023-01-09,84797.92
2023-01-10,84925.74
2023-01-11,85226.15
2023-01-12,85398.03
2023-01-13,85574.69
2023-01-17,85436.57
2023-01-18,85101.06
2023-01-19,84746.76
2023-01-20,84974.16
2023-01-23,85499.7
2023-01-24,85488.8
2023-01-25,85316.36
2023-01-26,85356.34
2023-01-27,85618.11
2023-01-30,84372.87
2023-01-31,84722.17
2023-02-01,86223.79
2023-02-02,88302.84
2023-02-03,87199.33
2023-02-06,86466.82
2023-02-07,87586.63
2023-02-08,86521.6
2023-02-09,86001.67
2023-02-10,85451.31
2023-02-13,86457.49
2023-02-14,86780.42
2023-02-15,87045.53
2023-02-16,86199.97
2023-02-17,85531.97
2023-02-21,83894.18
2023-02-22,83918.09
2023-02-23,84488.24
2023-02-24,83304.47
2023-02-27,83636.73
2023-02-28,83746.38
2023-03-01,83952.92
2023-03-02,84680.67
2023-03-03,85786.68
2023-03-06,86050.38
2023-03-07,85075.7
2023-03-08,85499.35
2023-03-09,84187.18
2023-03-10,83083.31
2023-03-13,83014.48
2023-03-14,84661.98
2023-03-15,84441.33
2023-03-16,85958.33
2023-03-17,85473.17
2023-03-20,86070.79
2023-03-21,87021.84
2023-03-22,86072.84
2023-03-23,86923.65
2023-03-24,86893.81
2023-03-27,86530.74
2023-03-28,86215.11
2023-03-29,87555.7
2023-03-30,88248.92
2023-03-31,89445.05
2023-04-03,89165.9
2023-04-04,88607.48
2023-04-05,87711.65
2023-04-06,88002.26
2023-04-10,88274.3
2023-04-11,87981.54
2023-04-12,86932.22
2023-04-13,88072.52
2023-04-14,88011.76
2023-04-17,87865.62
2023-04-18,87934.22
2023-04-19,87515.32
2023-04-20,87007.86
2023-04-21,86970.53
2023-04-24,86839.97
2023-04-25,85202.18
2023-04-26,85766.06
2023-04-27,86979.85
2023-04-28,87407.32
2023-05-01,87606.47
2023-05-02,86974.53
2023-05-03,86590.58
2023-05-04,86432.71
2023-05-05,87508.38
2023-05-08,87666.3
2023-05-09,87164.61
2023-05-10,88010.72
2023-05-11,87997.42
2023-05-12,87772.95
2023-05-15,88213.8
2023-05-16,88377.44
2023-05-17,89283.64
2023-05-18,90599.92
2023-05-19,90318.33
2023-05-22,90681.65
2023-05-23,89712.7
2023-05-24,89610.86
2023-05-25,90679.16
2023-05-26,92212.6
2023-05-30,92501.7
2023-05-31,92324.79
2023-06-01,93224.33
2023-06-02,93772.25
2023-06-05,93791.68
2023-06-06,93919.53
2023-06-07,92519.78
2023-06-08,93279.26
2023-06-09,93492.84
2023-06-12,94693.31
2023-06-13,95102.79
2023-06-14,95131.55
2023-06-15,95857.36
2023-06-16,95738.21
2023-06-20,96015.27
2023-06-21,95107.32
2023-06-22,96077.68
2023-06-23,95531.77
2023-06-26,94314.27
2023-06-27,95745.3
2023-06-28,96137.65
2023-06-29,96094.24
2023-06-30,97130.51
2023-07-03,97143.49
2023-07-05,97109.61
2023-07-06,96157.22
2023-07-07,95886.01
2023-07-10,96099.64
2023-07-11,96639.33
2023-07-12,97801.77
2023-07-13,99450.44
2023-07-14,99338.03
2023-07-17,100148.42
2023-07-18,100560.02
2023-07-19,100452.5
2023-07-20,98363.77
2023-07-21,98359.27
2023-07-24,98503.58
2023-07-25,99101.93
2023-07-26,99010.88
2023-07-27,99233.63
2023-07-28,100820.97
2023-07-31,101066.37
2023-08-01,100853.35
2023-08-02,98861.02
2023-08-03,98735.32
2023-08-04,97860.7
2023-08-07,98557.78
2023-08-08,97988.33
2023-08-09,97084.41
2023-08-10,97117.91
2023-08-11,96434.86
2023-08-14,97488.52
2023-08-15,96746.56
2023-08-16,95761.8
2023-08-17,94800.91
2023-08-18,94758.16
2023-08-21,95996.07
2023-08-22,96988.32
2023-08-23,98279.7
2023-08-24,96357.26
2023-08-25,96805.48
2023-08-28,97722.28
2023-08-29,99540.34
2023-08-30,100010.8
2023-08-31,100363.99
2023-09-01,101153.36
2023-09-05,101226.2
2023-09-06,100821.55
2023-09-07,100098.69
2023-09-08,100277.34
2023-09-11,101329.2
2023-09-12,99708.86
2023-09-13,99919.6
2023-09-14,100714.76
2023-09-15,98970.61
2023-09-18,99102.13
2023-09-19,98875.03
2023-09-20,97727.15
2023-09-21,96113.37
2023-09-22,96320.68
2023-09-25,96669.44
2023-09-26,95401.53
2023-09-27,95725.11
2023-09-28,96531.5
2023-09-29,96547.79
2023-10-02,97198.14
2023-10-03,95644.6
2023-10-04,96686.69
2023-10-05,96508.57
2023-10-06,97790.53
2023-10-09,98041.58
2023-10-10,98535.39
2023-10-11,99251.06
2023-10-12,98763.53
2023-10-13,97407.88
2023-10-16,98272.15
2023-10-17,98156.01
2023-10-18,97041.82
2023-10-19,96303.2
2023-10-20,95080.22
2023-10-23,95129.99
2023-10-24,95886.43
2023-10-25,94063.5
2023-10-26,93000.77
2023-10-27,93220.54
2023-10-30,94045.59
2023-10-31,94483.77
2023-11-01,95792.12
2023-11-02,96730.02
2023-11-03,98029.06
2023-11-06,98354.56
2023-11-07,99051.02
2023-11-08,98992.71
2023-11-09,98464.78
2023-11-10,100423.15
2023-11-13,100168.2
2023-11-14,101663.03
2023-11-15,101541.45
2023-11-16,101340.65
2023-11-17,101632.18
2023-11-20,102707.63
2023-11-21,102282.78
2023-11-22,102493.5
2023-11-24,102556.75
2023-11-27,102545.84
2023-11-28,103377.44
2023-11-29,103418.81
2023-11-30,103501.4
2023-12-01,103577.34
2023-12-04,102664.81
2023-12-05,102740.19
2023-12-06,102071.66
2023-12-07,103204.06
2023-12-08,103809.41
2023-12-11,104721.01
2023-12-12,105574.42
2023-12-13,106586.3
2023-12-14,106582.28
2023-12-15,106877.78
2023-12-18,107607.11
2023-12-19,108152.11
2023-12-20,106821.48
2023-12-21,107947.51
2023-12-22,108052.63
2023-12-26,108641.62
2023-12-27,108809.88
2023-12-28,108681.25
2023-12-29,108196.74
2024-01-02,106537.28
2024-01-03,105830.55
2024-01-04,105570.74
2024-01-05,105779.21
2024-01-08,107661.21
2024-01-09,107580.85
2024-01-10,108541.04
2024-01-11,108785.67
2024-01-12,109297.97
2024-01-16,109225.05
2024-01-17,108520.62
2024-01-18,109696.76
2024-01-19,111392.78
2024-01-22,111520.26
2024-01-23,111750.32
2024-01-24,112316.55
2024-01-25,112502.74
2024-01-26,112294.73
2024-01-29,113298.01
2024-01-30,112741.83
2024-01-31,110906.8
2024-02-01,112006.45
2024-02-02,113171.12
2024-02-05,112537.3
2024-02-06,112458.07
2024-02-07,114042.86
2024-02-08,114420.87
2024-02-09,115502.54
2024-02-12,114824.39
2024-02-13,113037.27
2024-02-14,114403.55
2024-02-15,114681.63
2024-02-16,113433.14
2024-02-20,112543.53
2024-02-21,112361.12
2024-02-22,115236.09
2024-02-23,115257.18
2024-02-26,115456.65
2024-02-27,115470.0
2024-02-28,114962.69
2024-02-29,115588.45
2024-03-01,117391.81
2024-03-04,117211.11
2024-03-05,115399.64
2024-03-06,116209.04
2024-03-07,117565.85
2024-03-08,115885.26
2024-03-11,115267.04
2024-03-12,116733.77
2024-03-13,116039.02
2024-03-14,115676.49
2024-03-15,114436.35
2024-03-18,115126.62
2024-03-19,115285.35
2024-03-20,116579.14
2024-03-21,117264.84
2024-03-22,117266.89
2024-03-25,116837.41
2024-03-26,116665.23
2024-03-27,116817.25
2024-03-28,116838.19
2024-04-01,116951.33
2024-04-02,116095.27
2024-04-03,116655.27
2024-04-04,115252.42
2024-04-05,116814.91
2024-04-08,116972.52
2024-04-09,117125.52
2024-04-10,116180.87
2024-04-11,117449.89
2024-04-12,115701.63
2024-04-15,113978.85
2024-04-16,114404.96
2024-04-17,112857.39
2024-04-18,112107.76
2024-04-19,110235.29
2024-04-22,111211.46
2024-04-23,112735.61
2024-04-24,113029.73
2024-04-25,112736.12
2024-04-26,114075.81
2024-04-29,114287.15
2024-04-30,112537.28
2024-05-01,111416.22
2024-05-02,112503.81
2024-05-03,114038.25
2024-05-06,115242.81
2024-05-07,115068.28
2024-05-08,115015.0
2024-05-09,115341.61
2024-05-10,115452.57
2024-05-13,115332.83
2024-05-14,116088.81
2024-05-15,117594.17
2024-05-16,117206.07
2024-05-17,117213.71
2024-05-20,117846.38
2024-05-21,117847.73
2024-05-22,117629.67
2024-05-23,117079.17
2024-05-24,118068.75
2024-05-28,118213.17
2024-05-29,117459.68
2024-05-30,116316.95
2024-05-31,116047.92
2024-06-03,116254.31
2024-06-04,116164.12
2024-06-05,118500.59
2024-06-06,118597.84
2024-06-07,118465.59
2024-06-10,119165.07
2024-06-11,119622.88
2024-06-12,121118.25
2024-06-13,121680.26
2024-06-14,121630.37
2024-06-17,122928.04
2024-06-18,123190.64
2024-06-20,122373.72
2024-06-21,122123.95
2024-06-24,121146.47
2024-06-25,122251.14
2024-06-26,122282.39
2024-06-27,122386.72
2024-06-28,122183.23
2024-07-01,122420.69
2024-07-02,123311.43
2024-07-03,124178.56
2024-07-05,124948.69
2024-07-08,125309.55
2024-07-09,125200.91
2024-07-10,126468.49
2024-07-11,124569.68
2024-07-12,125186.9
2024-07-15,125499.99
2024-07-16,125798.53
2024-07-17,123013.99
2024-07-18,122190.89
2024-07-19,120867.91
2024-07-22,122249.49
2024-07-23,121714.81
2024-07-24,118725.84
2024-07-25,117228.89
2024-07-26,118436.98
2024-07-29,118528.35
2024-07-30,117044.91
2024-07-31,119507.09
2024-08-01,116716.71
2024-08-02,114132.05
2024-08-05,111128.42
2024-08-06,112085.2
2024-08-07,110992.4
2024-08-08,113826.93
2024-08-09,114417.76
2024-08-12,114483.91
2024-08-13,116355.18
2024-08-14,116294.0
2024-08-15,117949.2
2024-08-16,118048.49
2024-08-19,118950.45
2024-08-20,118877.39
2024-08-21,119323.23
2024-08-22,118204.4
2024-08-23,119334.38
2024-08-26,118642.56
2024-08-27,118861.81
2024-08-28,117916.02
2024-08-29,117440.39
2024-08-30,118394.64
2024-09-03,115713.17
2024-09-04,115723.16
2024-09-05,115916.76
2024-09-06,113821.63
2024-09-09,114869.32
2024-09-10,116012.75
2024-09-11,117655.16
2024-09-12,118212.05
2024-09-13,118889.27
2024-09-16,118529.6
2024-09-17,118489.98
2024-09-18,118161.84
2024-09-19,119984.26
2024-09-20,119669.54
2024-09-23,120143.35
2024-09-24,120657.83
2024-09-25,120444.66
2024-09-26,121059.08
2024-09-27,120484.8
2024-09-30,120608.68
2024-10-01,119155.38
2024-10-02,119066.53
2024-10-03,118769.75
2024-10-04,119625.85
2024-10-07,118624.54
2024-10-08,119940.77
2024-10-09,120666.46
2024-10-10,120602.72
2024-10-11,121053.27
2024-10-14,121844.3
2024-10-15,120814.3
2024-10-16,120992.33
2024-10-17,120976.66
2024-10-18,122140.91
2024-10-21,122043.45
2024-10-22,121902.53
2024-10-23,120787.21
2024-10-24,121237.46
2024-10-25,121608.41
2024-10-28,121795.55
2024-10-29,122099.42
2024-10-30,121647.18
2024-10-31,119255.84
2024-11-01,119528.0
2024-11-04,119461.09
2024-11-05,120600.68
2024-11-06,122557.79
2024-11-07,123803.95
2024-11-08,124430.7
2024-11-11,125120.08
2024-11-12,125336.22
2024-11-13,125094.86
2024-11-14,124054.08
2024-11-15,121706.6
2024-11-18,122179.27
2024-11-19,123275.34
2024-11-20,123497.99
2024-11-21,124546.48
2024-11-22,125138.85
2024-11-25,125038.0
2024-11-26,125415.99
2024-11-27,124559.65
2024-11-29,125457.24
2024-12-02,126614.25
2024-12-03,127329.92
2024-12-04,128713.83
2024-12-05,128513.54
2024-12-06,129158.72
2024-12-09,128141.58
2024-12-10,126957.63
2024-12-11,128756.7
2024-12-12,128255.38
2024-12-13,128544.49
2024-12-16,129876.28
2024-12-17,129120.58
2024-12-18,125224.71
2024-12-19,125028.17
2024-12-20,126205.34
2024-12-23,126989.37
2024-12-24,128329.5
2024-12-26,128232.94
2024-12-27,126871.61
2024-12-30,125676.75
2024-12-31,124923.39
2025-01-02,125072.24
2025-01-03,126996.75
2025-01-06,127796.9
2025-01-07,125956.56
2025-01-08,125960.14
2025-01-10,123971.4
2025-01-13,123571.72
2025-01-14,124021.17
2025-01-15,126075.75
2025-01-16,125713.76
2025-01-17,126976.27
2025-01-21,128100.02
2025-01-22,129088.48
2025-01-23,129380.28
2025-01-24,129311.65
2025-01-27,125586.18
2025-01-28,127032.31
2025-01-29,127042.04
2025-01-30,127242.9
2025-01-31,127037.3
2025-02-03,126604.48
2025-02-04,127366.5
2025-02-05,127919.95
2025-02-06,128214.51
2025-02-07,127988.82
2025-02-10,129122.9
2025-02-11,128482.78
2025-02-12,128551.16
2025-02-13,129578.48
2025-02-14,129905.52
2025-02-18,130373.05
2025-02-19,129841.97
2025-02-20,128852.61
2025-02-21,126616.7
2025-02-24,125430.18
2025-02-25,123669.2
2025-02-26,124237.6
2025-02-27,121966.06
2025-02-28,123526.72
2025-03-03,121144.6
2025-03-04,120664.01
2025-03-05,121793.1
2025-03-06,118395.78
2025-03-07,118200.68
2025-03-10,117029.11
2025-03-11,116945.51
2025-03-12,116863.76
2025-03-13,116478.41
2025-03-14,116847.3
2025-03-17,117106.77
2025-03-18,117040.1
2025-03-19,117277.71
2025-03-20,117160.63
2025-03-21,117050.81
2025-03-24,117292.82
2025-03-25,117399.08
2025-03-26,116144.56
2025-03-27,116073.59
2025-03-28,115645.01
2025-03-31,115580.55
2025-04-01,115811.4
2025-04-02,115788.91
2025-04-03,115602.9
2025-04-04,114440.68
2025-04-07,114062.93
2025-04-08,113666.29
2025-04-09,115213.84
2025-04-10,114928.78
2025-04-11,115403.84
2025-04-14,115774.58
2025-04-15,115821.98
2025-04-16,115230.33
2025-04-17,115294.2
2025-04-21,115006.55
2025-04-22,115209.28
2025-04-23,114973.3
2025-04-24,115181.81
2025-04-25,115076.9
2025-04-28,115157.45
2025-04-29,115096.81
2025-04-30,115122.11
2025-05-01,115111.14
2025-05-02,115213.06
2025-05-05,115213.4
2025-05-06,115165.6
2025-05-07,115182.52
2025-05-08,115235.22
2025-05-09,115211.47
2025-05-12,115286.0
2025-05-13,116050.48
2025-05-14,116408.05
2025-05-15,116576.37
2025-05-16,117060.89
2025-05-19,117046.3
2025-05-20,116870.66
2025-05-21,116236.46
2025-05-22,115839.67
2025-05-23,115249.7
2025-05-27,116543.59
2025-05-28,116154.59
2025-05-29,116304.28
2025-05-30,116086.14
2025-06-02,116555.07
2025-06-03,117032.82
2025-06-04,117452.13
2025-06-05,117002.03
2025-06-06,117519.69
2025-06-09,117758.35
2025-06-10,118140.32
2025-06-11,117826.54
2025-06-12,117805.51
2025-06-13,116749.48
2025-06-16,117807.6
2025-06-17,117006.15
2025-06-18,117072.16
2025-06-20,116890.99
2025-06-23,117569.91
2025-06-24,118871.04
2025-06-25,118576.07
2025-06-26,119435.56
2025-06-27,119979.58
2025-06-30,120874.14
2025-07-01,119576.53
2025-07-02,120055.55
2025-07-03,121211.87
2025-07-07,120832.51
2025-07-08,120550.64
2025-07-09,121352.42
2025-07-10,120598.31
2025-07-11,119868.55
2025-07-14,120531.77
2025-07-15,120523.66
2025-07-16,120681.17
2025-07-17,121559.58
2025-07-18,121947.57
2025-07-21,122051.71
2025-07-22,121207.46
2025-07-23,121582.97
2025-07-24,121859.69
2025-07-25,122069.49
2025-07-28,122525.61
2025-07-29,122034.74
2025-07-30,122367.55
2025-07-31,121747.97
2025-08-01,120047.69
2025-08-04,121982.74
2025-08-05,121104.86
2025-08-06,121661.58
2025-08-07,121652.42
2025-08-08,122380.57
2025-08-11,122036.06
2025-08-12,124289.11
2025-08-13,124362.9
2025-08-14,124036.35
2025-08-15,123662.47
2025-08-18,123779.3
2025-08-19,122510.87
2025-08-20,121961.77
2025-08-21,121574.11
2025-08-22,123582.34
2025-08-25,123800.37
2025-08-26,124328.73
2025-08-27,124422.74
2025-08-28,125144.53
2025-08-29,123626.32
2025-09-02,122945.02
2025-09-03,123659.66
2025-09-04,124550.91
2025-09-05,124896.81
2025-09-08,125597.81
2025-09-09,125946.39
2025-09-10,126748.36
2025-09-11,127238.43
2025-09-12,127393.09
2025-09-15,128507.87
2025-09-16,128363.34
2025-09-17,128256.85
2025-09-18,129530.9
2025-09-19,130365.94
2025-09-22,131170.35
2025-09-23,130513.16
2025-09-24,129764.3
2025-09-25,129086.87
2025-09-26,129782.76
2025-09-29,130468.43
2025-09-30,130548.16
2025-10-01,131136.58
2025-10-02,131925.59
2025-10-03,131745.38
2025-10-06,133181.92
2025-10-07,132485.94
2025-10-08,133990.51
2025-10-09,133683.03
2025-10-10,129291.74
2025-10-13,131603.73
2025-10-14,131137.75
2025-10-15,132167.12
2025-10-16,131773.0
2025-10-17,132444.79
2025-10-20,133669.14
2025-10-21,133432.14
2025-10-22,132375.59
2025-10-23,133778.08
2025-10-24,135011.51
2025-10-27,137206.11
2025-10-28,137650.75
2025-10-29,138543.18
2025-10-30,137461.19
2025-10-31,137924.38
2025-11-03,138461.78
2025-11-04,135859.46
2025-11-05,137089.47
2025-11-06,135012.71
2025-11-07,134160.94
2025-11-10,136509.02
2025-11-11,136232.35
2025-11-12,135873.47
2025-11-13,133245.61
2025-11-14,133484.43
2025-11-17,132143.87
2025-11-18,130767.43
2025-11-19,131354.37
2025-11-20,128333.2
2025-11-21,128957.99
2025-11-24,132125.11
2025-11-25,133181.06
2025-11-26,134347.93
2025-11-28,135638.05
2025-12-01,135002.54
2025-12-02,135926.04
2025-12-03,136122.12
2025-12-04,136449.25
2025-12-05,136633.98
2025-12-08,136770.34
2025-12-09,136819.56
2025-12-10,137096.65
2025-12-11,137125.68
2025-12-12,134323.74
2025-12-15,133355.3
2025-12-16,133724.66
2025-12-17,131483.87
2025-12-18,133113.81
2025-12-19,134872.17
2025-12-22,135456.17
2025-12-23,135690.09
2025-12-24,135855.11
2025-12-26,135864.47
2025-12-29,135399.67
2025-12-30,135037.51
2025-12-31,134168.34
2026-01-02,134466.65
2026-01-05,135385.92
2026-01-06,137012.44
2026-01-07,136917.12
2026-01-08,136145.42
2026-01-09,137104.78
2026-01-12,137817.29
2026-01-13,137457.21
2026-01-14,136513.5
2026-01-15,137032.37
2026-01-16,136857.38
2026-01-20,134445.64
2026-01-21,135882.86
2026-01-22,136609.15
2026-01-23,136416.11
2026-01-26,137051.28
2026-01-27,137885.95
2026-01-28,138286.88
2026-01-29,137797.09
2026-01-30,136248.17
2026-02-02,136982.42
2026-02-03,134757.38
2026-02-04,132471.88
2026-02-05,131045.47
2026-02-06,134409.94
2026-02-09,135771.09
2026-02-10,135264.27
2026-02-11,136068.11
2026-02-12,133527.26
2026-02-13,134157.16
2026-02-17,134153.26
2026-02-18,135375.29
2026-02-19,135183.66
2026-02-20,135883.14
2026-02-23,134494.33
2026-02-24,135808.06
2026-02-25,137146.36
2026-02-26,135546.12
2026-02-27,135083.96
2026-03-02,134983.61
2026-03-03,132661.63
2026-03-04,134000.75
2026-03-05,132774.1
2026-03-06,130235.13
2026-03-09,132603.73
2026-03-10,132849.68
2026-03-11,133216.48
2026-03-12,130871.9
2026-03-13,130798.9
2026-03-16,132350.44
2026-03-17,133853.35
2026-03-18,131783.84
2026-03-19,132376.67
2026-03-20,130929.91
2026-03-23,131707.13
2026-03-24,132416.61
2026-03-25,132770.81
2026-03-26,131344.51
2026-03-27,130924.41
2026-03-30,130338.33
2026-03-31,131871.41
2026-04-01,132180.12
2026-04-02,132125.55
2026-04-06,132246.81
2026-04-07,132363.43
2026-04-08,133766.28
2026-04-09,134910.69
2026-04-10,135401.42
2026-04-13,136706.85
2026-04-14,139903.02
2026-04-15,140393.19
2026-04-16,140401.37
2026-04-17,141776.35
2026-04-20,141544.59
2026-04-21,141042.29
2026-04-22,142406.44
2026-04-23,142508.72
2026-04-24,143970.65
2026-04-27,143610.83
2026-04-28,142325.08
2026-04-29,142785.4
2026-04-30,144146.73
2026-05-01,145208.25
2026-05-04,145120.14
2026-05-05,145502.33
2026-05-06,147030.64
2026-05-07,146547.38
2026-05-08,148565.06
2026-05-11,149357.27
2026-05-12,148311.9
2026-05-13,149809.57
2026-05-14,150782.25
2026-05-15,148653.12
2026-05-18,147691.64
2026-05-19,147226.55
2026-05-20,149969.45
2026-05-21,150588.72
2026-05-22,151937.8
2026-05-26,154947.77
2026-05-27,154610.39
2026-05-28,155145.75
2026-05-29,155406.03
2026-06-01,154486.64
2026-06-02,155444.65
2026-06-03,155220.34
2026-06-04,154711.93
2026-06-05,148798.04
2026-06-08,150430.07
2026-06-09,149210.09
2026-06-10,146450.74
2026-06-11,151086.62
2026-06-12,152856.99
2026-06-15,156769.87
2026-06-16,153837.87
2026-06-17,152620.06
2026-06-18,155192.84
2026-06-22,154853.58
2026-06-23,151468.19
2026-06-24,150786.7
2026-06-25,151305.97
2026-06-26,150179.43
2026-06-29,153955.63
2026-06-30,155582.41
2026-07-01,154227.99
2026-07-02,151773.37
2026-07-06,153558.09
2026-07-07,150442.91
2026-07-08,151204.07
2026-07-09,154073.22
2026-07-10,153912.1
2026-07-13,151165.55
2026-07-14,152188.49
2026-07-15,151372.39
2026-07-16,148153.79
2026-07-17,146216.41
2026-07-20,146341.72
2026-07-21,148782.7
