date,equity,cash,positions
2021-07-07,99996.42,92836.4,2
2021-07-08,100009.9,83820.67,5
2021-07-09,100252.72,74807.15,8
2021-07-12,100310.8,74807.15,8
2021-07-13,100154.33,67560.31,10
2021-07-14,99959.26,56368.95,13
2021-07-15,99439.93,47780.04,16
2021-07-16,99023.88,35633.48,20
2021-07-19,98849.29,34903.26,20
2021-07-20,100162.98,34903.26,20
2021-07-21,101266.26,40853.4,19
2021-07-22,101230.81,40791.43,19
2021-07-23,101776.72,41801.67,19
2021-07-26,101773.03,44526.55,18
2021-07-27,101226.64,47058.88,17
2021-07-28,101608.71,47596.44,17
2021-07-29,102226.58,50683.06,16
2021-07-30,102038.71,53502.09,15
2021-08-02,102076.19,37839.63,20
2021-08-03,102317.68,36878.47,20
2021-08-04,102591.49,36878.47,20
2021-08-05,103292.29,36873.11,20
2021-08-06,103079.77,36425.38,20
2021-08-09,103144.17,36403.68,20
2021-08-10,102753.24,36403.68,20
2021-08-11,102751.76,35082.11,20
2021-08-12,103217.88,34538.26,20
2021-08-13,103634.4,34538.26,20
2021-08-16,102844.15,33323.72,20
2021-08-17,102381.26,33323.72,20
2021-08-18,102046.18,30164.86,20
2021-08-19,101806.37,30164.86,20
2021-08-20,102566.83,30164.86,20
2021-08-23,103574.83,32679.22,19
2021-08-24,103787.55,38872.93,18
2021-08-25,104011.27,36504.75,19
2021-08-26,103919.41,39491.26,18
2021-08-27,104827.42,31636.97,20
2021-08-30,105559.89,39507.92,18
2021-08-31,105402.91,43882.2,17
2021-09-01,105472.64,34210.98,20
2021-09-02,105984.66,34210.98,20
2021-09-03,106606.39,34210.98,20
2021-09-07,105678.24,34210.98,20
2021-09-08,104819.86,35816.58,20
2021-09-09,104312.75,33737.25,20
2021-09-10,103636.48,34507.22,20
2021-09-13,103576.78,32317.47,20
2021-09-14,103265.96,32031.63,20
2021-09-15,103751.92,32031.63,20
2021-09-16,104141.1,32504.69,20
2021-09-17,103308.36,35466.37,19
2021-09-20,102010.61,31651.47,20
2021-09-21,102119.18,30615.12,20
2021-09-22,103237.94,29642.34,20
2021-09-23,104115.62,30563.91,20
2021-09-24,103982.68,29597.4,20
2021-09-27,102835.31,30715.9,20
2021-09-28,100390.52,30394.05,20
2021-09-29,99796.06,30049.55,20
2021-09-30,99481.23,28550.7,20
2021-10-01,100068.65,28550.7,20
2021-10-04,98004.65,29763.2,20
2021-10-05,99197.74,27926.88,20
2021-10-06,99817.02,28928.32,20
2021-10-07,100788.61,30553.21,20
2021-10-08,100007.99,56982.55,13
2021-10-11,99835.47,58823.64,12
2021-10-12,99897.85,56486.4,13
2021-10-13,100489.56,49882.16,15
2021-10-14,101664.77,53067.89,14
2021-10-15,101889.8,66410.27,10
2021-10-18,102538.4,67004.64,10
2021-10-19,102590.18,68314.91,10
2021-10-20,102728.8,72886.91,9
2021-10-21,103187.13,75689.5,8
2021-10-22,103009.09,81326.32,6
2021-10-25,103122.39,78121.74,7
2021-10-26,102976.59,79484.31,7
2021-10-27,102779.0,70481.16,10
2021-10-28,103568.14,51363.93,16
2021-10-29,103948.3,65415.27,12
2021-11-01,104599.47,59296.18,14
2021-11-02,105185.23,59296.18,14
2021-11-03,105315.4,53436.81,16
2021-11-04,105983.02,47177.2,18
2021-11-05,105523.52,50697.19,17
2021-11-08,105827.34,41260.4,20
2021-11-09,105694.96,44909.88,19
2021-11-10,105066.79,53280.13,17
2021-11-11,105986.95,43573.08,20
2021-11-12,106692.01,44835.35,20
2021-11-15,106365.42,44835.35,20
2021-11-16,107144.07,46242.92,20
2021-11-17,106613.84,46242.92,20
2021-11-18,106678.25,43256.91,20
2021-11-19,106701.26,43256.91,20
2021-11-22,105408.07,41819.33,20
2021-11-23,104649.14,39215.5,20
2021-11-24,105381.72,39514.56,20
2021-11-26,104461.02,39514.56,20
2021-11-29,105893.19,39514.56,20
2021-11-30,104166.57,39514.56,20
2021-12-01,102127.63,36249.76,20
2021-12-02,102614.27,35580.51,20
2021-12-03,101177.73,36157.92,20
2021-12-06,101123.87,32093.94,20
2021-12-07,104360.71,34353.75,20
2021-12-08,104879.58,45268.37,17
2021-12-09,103816.58,50716.81,15
2021-12-10,104627.84,51241.28,15
2021-12-13,103395.68,54759.44,14
2021-12-14,102603.5,44703.02,17
2021-12-15,104642.67,41220.45,18
2021-12-16,102449.02,59432.82,13
2021-12-17,102374.78,61176.17,13
2021-12-20,101841.68,58370.34,14
2021-12-21,103422.34,54462.57,15
2021-12-22,103891.37,54462.57,15
2021-12-23,104325.79,54462.57,15
2021-12-27,105629.21,57817.75,14
2021-12-28,105225.76,64532.24,12
2021-12-29,105207.48,64532.24,12
2021-12-30,104809.96,64532.24,12
2021-12-31,104740.92,64532.24,12
2022-01-03,104967.83,72256.03,10
2022-01-04,104758.15,65368.8,12
2022-01-05,103252.8,69102.78,11
2022-01-06,103447.44,37898.58,20
2022-01-07,102497.52,37898.58,20
2022-01-10,102642.5,37898.58,20
2022-01-11,103449.12,37898.58,20
2022-01-12,103667.36,43851.09,19
2022-01-13,102262.46,43895.93,19
2022-01-14,102841.62,39896.25,20
2022-01-18,100639.68,38454.26,20
2022-01-19,99500.88,36912.89,20
2022-01-20,98451.31,51058.33,15
2022-01-21,97423.99,62436.0,11
2022-01-24,97736.72,66119.8,10
2022-01-25,96628.42,77322.06,7
2022-01-26,96268.62,77019.21,7
2022-01-27,96372.31,77177.75,6
2022-01-28,96907.07,77552.01,6
2022-01-31,97222.41,77800.76,6
2022-02-01,97464.97,81368.01,5
2022-02-02,97366.91,84583.9,4
2022-02-03,96985.65,87045.46,3
2022-02-04,97022.67,87045.46,3
2022-02-07,96915.35,86927.86,3
2022-02-08,97021.4,83972.0,4
2022-02-09,97142.41,83972.0,4
2022-02-10,96924.73,83972.0,4
2022-02-11,96762.83,87271.93,3
2022-02-14,96657.62,90206.75,2
2022-02-15,96668.78,87434.24,3
2022-02-16,96447.58,90187.78,2
2022-02-17,96405.47,93582.77,1
2022-02-18,96402.15,92583.4,1
2022-02-22,96387.53,89748.84,2
2022-02-23,96224.57,81402.66,5
2022-02-24,96202.28,78167.76,6
2022-02-25,96356.26,78167.76,6
2022-02-28,96244.23,78167.76,6
2022-03-01,95901.13,78167.76,6
2022-03-02,96753.66,77503.89,6
2022-03-03,96582.14,85435.18,4
2022-03-04,96177.43,85435.18,4
2022-03-07,95643.25,81554.93,5
2022-03-08,96141.53,89505.44,2
2022-03-09,96474.09,89505.44,2
2022-03-10,96357.19,93362.16,1
2022-03-11,96391.97,93362.16,1
2022-03-14,96349.86,93362.16,1
2022-03-15,96388.31,93362.16,1
2022-03-16,96430.41,93362.16,1
2022-03-17,96423.09,93362.16,1
2022-03-18,96481.67,93362.16,1
2022-03-21,96483.5,93362.16,1
2022-03-22,96498.15,93362.16,1
2022-03-23,96468.86,93362.16,1
2022-03-24,96483.5,93362.16,1
2022-03-25,96573.21,93362.16,1
2022-03-28,96543.92,93362.16,1
2022-03-29,96576.87,93362.16,1
2022-03-30,96525.61,93362.16,1
2022-03-31,96421.26,93362.16,1
2022-04-01,96342.98,90581.23,2
2022-04-04,96333.9,93346.19,1
2022-04-05,96238.7,93346.19,1
2022-04-06,96195.16,90474.99,2
2022-04-07,96253.61,87205.53,3
2022-04-08,96221.75,87205.53,3
2022-04-11,96048.66,84482.05,4
2022-04-12,95966.69,78193.44,6
2022-04-13,96233.91,77000.55,7
2022-04-14,95940.26,79805.06,6
2022-04-18,96042.71,76993.59,7
2022-04-19,96478.98,80556.69,6
2022-04-20,96331.91,86863.73,4
2022-04-21,96102.69,86863.73,4
2022-04-22,95947.66,86452.54,4
2022-04-25,96222.75,80857.86,6
2022-04-26,95839.58,80857.86,6
2022-04-27,95767.22,77697.32,7
2022-04-28,96299.75,77129.02,7
2022-04-29,95599.18,80767.38,5
2022-05-02,95466.2,80767.38,5
2022-05-03,95613.35,77687.18,6
2022-05-04,95517.26,80255.14,5
2022-05-05,95063.68,86461.0,3
2022-05-06,94854.72,86461.0,3
2022-05-09,94546.83,88680.86,2
2022-05-10,94497.46,91811.77,1
2022-05-11,94446.52,89027.04,2
2022-05-12,94513.66,88139.19,2
2022-05-13,94536.65,81821.28,4
2022-05-16,94523.65,81821.28,4
2022-05-17,94585.96,81821.28,4
2022-05-18,94310.89,80953.24,4
2022-05-19,94215.07,87157.8,2
2022-05-20,94131.91,87157.8,2
2022-05-23,94120.03,87157.8,2
2022-05-24,94024.0,87157.8,2
2022-05-25,94080.87,87157.8,2
2022-05-26,94221.08,89877.95,1
2022-05-27,94221.08,89877.95,1
2022-05-31,94234.61,89877.95,1
2022-06-01,94232.43,94232.43,0
2022-06-02,94232.43,94232.43,0
2022-06-03,94232.43,94232.43,0
2022-06-06,94232.43,94232.43,0
2022-06-07,94232.43,94232.43,0
2022-06-08,94232.43,94232.43,0
2022-06-09,94232.43,94232.43,0
2022-06-10,94230.99,91344.63,1
2022-06-13,94032.23,85947.31,3
2022-06-14,93883.61,78123.23,6
2022-06-15,94143.73,81113.71,5
2022-06-16,93591.47,86142.97,3
2022-06-17,93637.46,88703.36,2
2022-06-21,93738.32,91119.91,1
2022-06-22,93723.7,91119.91,1
2022-06-23,93749.53,91119.91,1
2022-06-24,93816.97,88481.32,2
2022-06-27,93895.27,88481.32,2
2022-06-28,93816.56,88481.32,2
2022-06-29,93759.6,91086.86,1
2022-06-30,93768.71,91086.86,1
2022-07-01,93767.38,91086.86,1
2022-07-05,93699.48,88245.76,2
2022-07-06,93619.13,88245.76,2
2022-07-07,93983.18,88245.76,2
2022-07-08,93864.98,88245.76,2
2022-07-11,93875.05,88245.76,2
2022-07-12,93633.09,90989.41,1
2022-07-13,93595.1,90989.41,1
2022-07-14,93630.81,90989.41,1
2022-07-15,93647.14,90989.41,1
2022-07-18,93613.14,90989.41,1
2022-07-19,93475.43,90989.41,1
2022-07-20,93442.08,88869.22,1
2022-07-21,93370.22,88869.22,1
2022-07-22,93409.16,88869.22,1
2022-07-25,93418.14,86307.54,2
2022-07-26,93324.16,86307.54,2
2022-07-27,93370.6,86307.54,2
2022-07-28,93318.64,86307.54,2
2022-07-29,93365.24,90935.08,1
2022-08-01,93458.48,90935.08,1
2022-08-02,93459.96,90935.08,1
2022-08-03,93449.6,90935.08,1
2022-08-04,93474.76,90935.08,1
2022-08-05,93423.7,90935.08,1
2022-08-08,93391.88,90935.08,1
2022-08-09,93218.13,88275.26,2
2022-08-10,93302.28,83064.31,4
2022-08-11,93377.27,83064.31,4
2022-08-12,93594.63,83064.31,4
2022-08-15,93560.24,83064.31,4
2022-08-16,93458.68,83064.31,4
2022-08-17,93168.86,83064.31,4
2022-08-18,93235.78,80480.06,5
2022-08-19,92838.88,82694.51,4
2022-08-22,92592.46,85127.03,3
2022-08-23,92598.04,74093.43,7
2022-08-24,92599.78,74093.43,7
2022-08-25,93043.33,74093.43,7
2022-08-26,92276.11,74209.25,7
2022-08-29,92008.36,73744.35,7
2022-08-30,91815.48,73660.44,7
2022-08-31,91711.47,73660.44,7
2022-09-01,91404.94,73124.22,7
2022-09-02,91238.75,73124.22,7
2022-09-06,91209.05,73008.91,7
2022-09-07,91496.0,73008.91,7
2022-09-08,92120.73,78807.26,5
2022-09-09,92202.85,79030.51,5
2022-09-12,92352.18,79030.51,5
2022-09-13,91828.65,84903.86,3
2022-09-14,91871.47,79874.95,5
2022-09-15,91587.75,79874.95,5
2022-09-16,91564.03,79430.91,5
2022-09-19,91655.87,73808.94,7
2022-09-20,91457.74,73403.82,7
2022-09-21,91167.16,73403.82,7
2022-09-22,90851.79,73403.82,7
2022-09-23,90523.41,78628.57,5
2022-09-26,90436.17,81421.79,4
2022-09-27,90549.43,81421.79,4
2022-09-28,90798.78,81421.79,4
2022-09-29,90519.04,82855.45,3
2022-09-30,90424.15,84706.39,2
2022-10-03,90243.64,84706.39,2
2022-10-04,90431.52,84706.39,2
2022-10-05,90320.8,87594.66,1
2022-10-06,90372.79,87594.66,1
2022-10-07,90303.66,87594.66,1
2022-10-10,90321.2,84970.95,2
2022-10-11,90351.91,82483.41,3
2022-10-12,90223.11,82483.41,3
2022-10-13,90328.52,82483.41,3
2022-10-14,90106.48,85012.14,2
2022-10-17,90292.56,85012.14,2
2022-10-18,90376.75,85012.14,2
2022-10-19,90281.53,87723.79,1
2022-10-20,90310.67,87723.79,1
2022-10-21,90401.85,87723.79,1
2022-10-24,90443.21,87723.79,1
2022-10-25,90471.41,87723.79,1
2022-10-26,90454.49,87723.79,1
2022-10-27,90494.91,87723.79,1
2022-10-28,90547.55,87723.79,1
2022-10-31,90558.83,87723.79,1
2022-11-01,90809.81,87723.79,1
2022-11-02,90864.33,87723.79,1
2022-11-03,90918.85,87723.79,1
2022-11-04,91041.05,87723.79,1
2022-11-07,91161.37,87723.79,1
2022-11-08,91135.05,87723.79,1
2022-11-09,91114.37,87723.79,1
2022-11-10,91245.97,87723.79,1
2022-11-11,91247.85,87723.79,1
2022-11-14,91263.83,87723.79,1
2022-11-15,91336.21,87723.79,1
2022-11-16,91238.45,87723.79,1
2022-11-17,91228.23,91228.23,0
2022-11-18,91228.23,91228.23,0
2022-11-21,91228.23,91228.23,0
2022-11-22,91228.23,91228.23,0
2022-11-23,91228.23,91228.23,0
2022-11-25,91228.23,91228.23,0
2022-11-28,91228.23,91228.23,0
2022-11-29,91228.23,91228.23,0
2022-11-30,91228.23,91228.23,0
2022-12-01,91228.23,91228.23,0
2022-12-02,91228.23,91228.23,0
2022-12-05,91228.23,91228.23,0
2022-12-06,91226.81,88388.71,1
2022-12-07,91205.48,85702.16,2
2022-12-08,91310.09,82958.26,3
2022-12-09,91378.85,80143.06,4
2022-12-12,91625.29,77578.24,5
2022-12-13,91713.72,77578.24,5
2022-12-14,91614.97,77578.24,5
2022-12-15,91066.48,72854.82,7
2022-12-16,90913.0,72854.82,7
2022-12-19,90632.53,72854.82,7
2022-12-20,90674.6,72854.82,7
2022-12-21,90867.25,72854.82,7
2022-12-22,90502.19,72404.69,7
2022-12-23,90463.79,72395.04,7
2022-12-27,90415.79,72395.04,7
2022-12-28,90198.28,77231.2,5
2022-12-29,90518.03,72421.33,7
2022-12-30,90493.41,75532.09,6
2023-01-03,90639.64,75532.09,6
2023-01-04,90527.05,78035.31,5
2023-01-05,90445.42,77530.23,5
2023-01-06,91218.6,74879.87,6
2023-01-09,91345.19,74879.87,6
2023-01-10,91441.8,74879.87,6
2023-01-11,91605.12,73380.08,7
2023-01-12,91679.58,73522.38,7
2023-01-13,91901.72,73522.38,7
2023-01-17,91821.51,73522.38,7
2023-01-18,91644.69,75104.75,6
2023-01-19,91351.07,75928.66,6
2023-01-20,91575.89,73266.43,7
2023-01-23,91799.66,73266.43,7
2023-01-24,91842.44,73266.43,7
2023-01-25,91672.2,73266.43,7
2023-01-26,91825.5,72514.4,7
2023-01-27,91668.21,73561.8,6
2023-01-30,91480.29,73561.8,6
2023-01-31,91937.49,64389.87,9
2023-02-01,92570.31,61783.97,10
2023-02-02,93140.92,61783.97,10
2023-02-03,92817.08,61783.97,10
2023-02-06,92480.76,59488.24,11
2023-02-07,92934.48,53214.26,13
2023-02-08,92673.87,60207.65,11
2023-02-09,92675.92,53225.12,13
2023-02-10,92641.49,47377.4,15
2023-02-13,93153.97,46758.06,16
2023-02-14,93344.52,50283.45,15
2023-02-15,93847.74,44710.76,17
2023-02-16,93576.76,51333.85,15
2023-02-17,93528.63,48249.45,16
2023-02-21,92629.68,36948.16,20
2023-02-22,92598.95,35852.42,20
2023-02-23,93149.4,36492.16,20
2023-02-24,92051.68,36441.08,20
2023-02-27,92309.05,36441.08,20
2023-02-28,92449.25,36176.31,20
2023-03-01,92970.16,34507.21,20
2023-03-02,93635.21,34507.21,20
2023-03-03,94488.62,34639.02,20
2023-03-06,94701.91,33962.06,20
2023-03-07,93642.83,40525.09,18
2023-03-08,94229.67,42916.81,17
2023-03-09,93104.33,42244.05,17
2023-03-10,91824.57,45405.63,16
2023-03-13,91788.81,28572.53,20
2023-03-14,93239.24,28625.99,20
2023-03-15,92102.53,35410.65,18
2023-03-16,93397.12,28516.43,20
2023-03-17,92826.18,32330.67,19
2023-03-20,93316.16,32330.67,19
2023-03-21,94192.04,32330.67,19
2023-03-22,93187.74,36432.37,18
2023-03-23,93849.55,36432.37,18
2023-03-24,93298.57,40289.94,17
2023-03-27,93316.52,43500.27,16
2023-03-28,93170.34,35599.59,19
2023-03-29,94849.36,32912.66,20
2023-03-30,95530.26,32912.66,20
2023-03-31,96824.99,35666.15,19
2023-04-03,96514.71,35666.15,19
2023-04-04,95635.53,38752.77,18
2023-04-05,94525.66,50903.07,14
2023-04-06,94328.91,48017.66,15
2023-04-10,95201.78,42189.25,17
2023-04-11,94061.25,45227.45,16
2023-04-12,93090.71,42267.48,17
2023-04-13,93752.83,37674.08,19
2023-04-14,93578.06,34781.09,20
2023-04-17,93509.33,34781.09,20
2023-04-18,93695.94,35034.28,20
2023-04-19,92861.8,35034.28,20
2023-04-20,92608.48,35034.28,20
2023-04-21,92448.37,32967.16,20
2023-04-24,92432.34,32540.27,20
2023-04-25,90784.94,33059.14,20
2023-04-26,90811.83,29581.39,20
2023-04-27,91039.67,29581.39,20
2023-04-28,91501.69,32158.98,19
2023-05-01,91941.81,36817.78,18
2023-05-02,90943.56,36361.95,18
2023-05-03,90754.72,35708.21,18
2023-05-04,90454.45,30681.75,20
2023-05-05,91659.11,30460.41,20
2023-05-08,92196.06,38475.48,18
2023-05-09,91927.23,38475.48,18
2023-05-10,92718.76,37957.75,18
2023-05-11,92731.86,37957.75,18
2023-05-12,92432.42,36659.33,18
2023-05-15,92910.29,33907.68,19
2023-05-16,92884.07,52099.98,13
2023-05-17,93617.49,55170.85,12
2023-05-18,95243.43,61549.24,10
2023-05-19,94981.34,62089.17,10
2023-05-22,95062.14,62089.17,10
2023-05-23,94657.75,70258.5,8
2023-05-24,94762.65,61601.3,11
2023-05-25,95419.23,48347.69,15
2023-05-26,97140.42,39126.3,18
2023-05-30,96796.52,43054.69,17
2023-05-31,96564.47,44951.82,16
2023-06-01,97289.9,42035.11,17
2023-06-02,98653.95,48081.58,15
2023-06-05,99184.03,51982.59,14
2023-06-06,99529.87,40182.26,18
2023-06-07,98968.43,55127.31,14
2023-06-08,99522.01,43109.97,18
2023-06-09,99565.26,36242.18,20
2023-06-12,100827.63,36242.18,20
2023-06-13,100687.88,37918.3,20
2023-06-14,100229.67,45635.72,18
2023-06-15,100480.86,54643.72,15
2023-06-16,100278.29,60379.21,13
2023-06-20,100331.74,57610.91,14
2023-06-21,99918.77,55929.03,15
2023-06-22,100271.87,43757.65,18
2023-06-23,99543.52,43757.65,18
2023-06-26,99101.25,37727.38,20
2023-06-27,100375.42,37727.38,20
2023-06-28,100810.26,38420.38,20
2023-06-29,101023.59,38420.38,20
2023-06-30,101780.1,38213.48,20
2023-07-03,101925.64,41669.59,19
2023-07-05,101433.5,44879.48,18
2023-07-06,100561.13,41939.86,19
2023-07-07,100667.59,38306.73,20
2023-07-10,101441.96,38306.73,20
2023-07-11,102403.69,38013.5,20
2023-07-12,103150.0,38013.5,20
2023-07-13,104693.05,38013.5,20
2023-07-14,104584.17,45365.01,18
2023-07-17,105086.98,39088.32,20
2023-07-18,105297.42,42205.1,19
2023-07-19,105080.7,45386.51,18
2023-07-20,103604.95,58144.83,14
2023-07-21,103804.35,42078.32,19
2023-07-24,103861.8,40651.24,20
2023-07-25,104214.13,40651.24,20
2023-07-26,104463.68,40651.24,20
2023-07-27,105180.43,40651.24,20
2023-07-28,106502.84,37851.27,20
2023-07-31,106978.75,37851.27,20
2023-08-01,106013.39,37398.48,20
2023-08-02,104045.58,37588.14,20
2023-08-03,103962.99,35553.53,20
2023-08-04,103081.69,34851.26,20
2023-08-07,103641.67,32502.23,20
2023-08-08,103184.2,31115.36,20
2023-08-09,101970.2,28800.23,20
2023-08-10,101844.15,28264.09,20
2023-08-11,101388.18,26930.29,20
2023-08-14,102256.44,26930.29,20
2023-08-15,101245.64,29912.36,20
2023-08-16,100245.74,26304.41,20
2023-08-17,99612.94,25594.91,20
2023-08-18,99588.52,25620.35,20
2023-08-21,100221.3,25620.35,20
2023-08-22,101336.98,25783.18,20
2023-08-23,102498.35,26756.78,20
2023-08-24,101008.08,26756.78,20
2023-08-25,101528.3,27482.8,20
2023-08-28,102626.64,29678.62,20
2023-08-29,103853.23,37257.29,18
2023-08-30,104001.33,44654.8,16
2023-08-31,104358.83,48085.27,15
2023-09-01,105603.34,48085.27,15
2023-09-05,105510.89,51693.09,14
2023-09-06,105576.32,52245.18,14
2023-09-07,105148.54,49944.7,15
2023-09-08,105145.16,40315.67,18
2023-09-11,105804.78,34135.76,20
2023-09-12,104557.72,33859.95,20
2023-09-13,104669.83,33859.95,20
2023-09-14,105250.26,33913.53,20
2023-09-15,103478.38,35366.89,20
2023-09-18,103438.22,35509.02,20
2023-09-19,103089.6,35509.02,20
2023-09-20,102454.59,35509.02,20
2023-09-21,100758.98,32438.49,20
2023-09-22,101226.24,30013.01,20
2023-09-25,100972.77,29899.27,20
2023-09-26,99621.85,29243.4,20
2023-09-27,100167.08,29243.4,20
2023-09-28,100966.81,29243.4,20
2023-09-29,101130.73,30227.98,20
2023-10-02,101354.75,26316.52,20
2023-10-03,100059.75,37385.3,17
2023-10-04,100843.55,27114.35,20
2023-10-05,100892.56,31541.79,19
2023-10-06,101931.49,33272.38,19
2023-10-09,102041.34,37701.46,18
2023-10-10,102578.52,48838.81,15
2023-10-11,103214.73,50077.84,15
2023-10-12,102763.76,53285.72,14
2023-10-13,101840.19,53866.56,14
2023-10-16,102357.14,44438.91,16
2023-10-17,102133.14,50308.08,14
2023-10-18,101230.23,49925.21,14
2023-10-19,100691.88,44264.57,16
2023-10-20,99748.98,42674.87,17
2023-10-23,99659.76,32340.04,20
2023-10-24,100493.96,32348.85,20
2023-10-25,98785.67,37327.75,18
2023-10-26,97862.84,28941.63,20
2023-10-27,98257.45,28161.58,20
2023-10-30,98726.24,27467.88,20
2023-10-31,100075.15,29493.59,20
2023-11-01,100967.41,37000.75,18
2023-11-02,101372.4,50001.46,14
2023-11-03,102644.1,58481.25,12
2023-11-06,102677.58,64315.48,11
2023-11-07,103375.9,64315.48,11
2023-11-08,103340.76,64315.48,11
2023-11-09,103069.8,64315.48,11
2023-11-10,104289.31,64315.48,11
2023-11-13,104245.78,67668.02,10
2023-11-14,105203.3,67668.02,10
2023-11-15,104716.34,70967.05,9
2023-11-16,104669.59,67578.44,10
2023-11-17,105003.48,67578.44,10
2023-11-20,105537.77,67578.44,10
2023-11-21,105239.86,70974.81,9
2023-11-22,105351.77,67660.56,10
2023-11-24,105495.29,67660.56,10
2023-11-27,105443.39,67660.56,10
2023-11-28,106117.99,67660.56,10
2023-11-29,106147.04,70640.64,9
2023-11-30,106081.42,67681.01,10
2023-12-01,106090.56,65668.74,11
2023-12-04,105666.5,67274.78,11
2023-12-05,105419.11,67274.78,11
2023-12-06,105074.91,65748.43,12
2023-12-07,105601.79,49896.83,17
2023-12-08,106012.71,49709.73,17
2023-12-11,107186.89,49441.63,17
2023-12-12,107407.14,46138.78,18
2023-12-13,108125.59,49141.13,17
2023-12-14,108893.47,52342.01,16
2023-12-15,108802.97,42861.14,19
2023-12-18,109227.13,41240.76,20
2023-12-19,109766.43,41240.76,20
2023-12-20,108462.54,54649.75,16
2023-12-21,109256.82,48092.41,18
2023-12-22,109347.59,46502.54,18
2023-12-26,109701.54,43379.47,19
2023-12-27,109816.72,39861.13,20
2023-12-28,109572.19,44419.52,19
2023-12-29,109132.46,48224.21,18
2024-01-02,107723.03,58574.3,15
2024-01-03,107336.04,39952.6,20
2024-01-04,107129.19,39952.6,20
2024-01-05,106914.85,39414.68,20
2024-01-08,108487.07,39414.68,20
2024-01-09,108100.62,39414.68,20
2024-01-10,108709.46,39686.07,20
2024-01-11,109155.98,39686.07,20
2024-01-12,109521.5,39686.07,20
2024-01-16,109739.78,40059.47,20
2024-01-17,108900.91,39535.17,20
2024-01-18,109927.53,39535.17,20
2024-01-19,111192.15,38954.77,20
2024-01-22,111519.12,38954.77,20
2024-01-23,111482.89,38954.77,20
2024-01-24,112084.41,38954.77,20
2024-01-25,112799.17,38956.17,20
2024-01-26,112175.01,42597.1,19
2024-01-29,112715.17,39102.85,20
2024-01-30,112294.75,40060.53,20
2024-01-31,111214.65,39956.14,20
2024-02-01,112326.61,39956.14,20
2024-02-02,112366.73,39730.45,20
2024-02-05,111699.39,38827.23,20
2024-02-06,111758.52,38392.41,20
2024-02-07,113221.67,38392.41,20
2024-02-08,114304.03,38392.41,20
2024-02-09,116056.62,40181.38,20
2024-02-12,115258.84,41415.5,20
2024-02-13,113157.31,53949.58,17
2024-02-14,114133.56,38086.57,20
2024-02-15,114479.82,36587.0,20
2024-02-16,113635.61,43449.97,18
2024-02-20,113459.73,36130.28,20
2024-02-21,113201.69,36130.28,20
2024-02-22,114063.01,40303.35,20
2024-02-23,114077.15,39744.82,20
2024-02-26,115052.22,40286.63,20
2024-02-27,115073.11,43437.93,19
2024-02-28,114407.28,44572.07,18
2024-02-29,114738.97,40983.41,19
2024-03-01,115743.27,37798.62,20
2024-03-04,115128.76,40104.0,19
2024-03-05,113245.13,36788.92,20
2024-03-06,114140.18,36472.34,20
2024-03-07,115101.81,36472.34,20
2024-03-08,114199.43,41677.51,19
2024-03-11,113448.88,53892.37,16
2024-03-12,114564.15,47726.4,18
2024-03-13,114335.81,52229.52,17
2024-03-14,113643.89,49571.04,18
2024-03-15,112537.03,42614.66,20
2024-03-18,112659.67,40457.99,20
2024-03-19,112580.09,40457.99,20
2024-03-20,113414.13,40720.29,20
2024-03-21,113951.35,40978.89,20
2024-03-22,113865.84,40978.89,20
2024-03-25,113461.26,39685.27,20
2024-03-26,113821.97,39685.27,20
2024-03-27,114363.41,39685.27,20
2024-03-28,114520.45,40712.35,20
2024-04-01,114089.4,40712.35,20
2024-04-02,113224.45,40795.93,20
2024-04-03,113794.63,40795.93,20
2024-04-04,113219.91,40795.93,20
2024-04-05,114590.68,40795.93,20
2024-04-08,114818.45,40795.93,20
2024-04-09,115084.29,40903.55,20
2024-04-10,114191.92,41374.3,20
2024-04-11,114809.43,41374.3,20
2024-04-12,113078.71,41374.3,20
2024-04-15,111822.47,39776.49,20
2024-04-16,112282.53,39776.49,20
2024-04-17,111420.9,39776.49,20
2024-04-18,110860.66,33601.83,20
2024-04-19,110114.07,33328.21,20
2024-04-22,111381.21,33328.21,20
2024-04-23,113208.8,32468.32,20
2024-04-24,113359.37,39178.88,19
2024-04-25,112387.95,35998.07,20
2024-04-26,113414.05,36280.94,20
2024-04-29,113317.38,35418.67,20
2024-04-30,111474.37,35480.01,20
2024-05-01,110857.28,41544.48,19
2024-05-02,111901.55,37063.09,20
2024-05-03,112841.64,40550.97,19
2024-05-06,114378.68,38352.11,20
2024-05-07,114244.76,45450.14,18
2024-05-08,114359.11,38818.73,20
2024-05-09,114603.24,38818.73,20
2024-05-10,115066.67,38818.73,20
2024-05-13,114677.43,43570.02,19
2024-05-14,115605.16,43770.46,19
2024-05-15,117198.22,43770.46,19
2024-05-16,116611.92,44896.98,19
2024-05-17,116530.69,44896.98,19
2024-05-20,117429.74,40591.03,20
2024-05-21,117791.32,40088.73,20
2024-05-22,117638.2,44032.97,19
2024-05-23,117147.16,43721.42,19
2024-05-24,118661.71,40194.33,20
2024-05-28,118521.57,39753.86,20
2024-05-29,117681.94,39753.86,20
2024-05-30,115886.71,45281.88,19
2024-05-31,115483.91,40293.84,20
2024-06-03,115296.91,38545.65,20
2024-06-04,115091.96,43274.53,19
2024-06-05,116848.32,39498.98,20
2024-06-06,116922.35,47475.74,18
2024-06-07,116528.13,55760.81,16
2024-06-10,117531.13,49435.75,18
2024-06-11,117522.49,45891.98,19
2024-06-12,119029.97,41954.53,20
2024-06-13,119286.32,41954.53,20
2024-06-14,118784.34,51317.76,18
2024-06-17,119706.92,47248.63,19
2024-06-18,120064.58,47213.9,19
2024-06-20,119710.78,54996.0,17
2024-06-21,119269.57,52556.59,18
2024-06-24,118374.76,60707.53,16
2024-06-25,119138.16,53845.13,18
2024-06-26,118688.32,53892.05,18
2024-06-27,118536.83,53892.05,18
2024-06-28,118629.66,50566.28,19
2024-07-01,118303.28,54050.05,18
2024-07-02,118637.12,50908.65,19
2024-07-03,119191.59,50908.65,19
2024-07-05,119105.7,54302.42,18
2024-07-08,119566.97,60774.96,16
2024-07-09,119311.65,60774.96,16
2024-07-10,119892.39,60016.86,16
2024-07-11,119128.39,56310.7,17
2024-07-12,119569.99,52829.7,18
2024-07-15,120007.03,52829.7,18
2024-07-16,120646.32,57178.39,17
2024-07-17,118335.45,57591.98,17
2024-07-18,117777.76,44086.22,20
2024-07-19,116851.7,44086.22,20
2024-07-22,118146.09,42426.03,20
2024-07-23,117993.78,43001.74,20
2024-07-24,115764.86,46932.1,19
2024-07-25,114261.33,38980.98,20
2024-07-26,115358.72,38179.8,20
2024-07-29,115300.76,36003.25,20
2024-07-30,114355.72,35863.07,20
2024-07-31,116136.7,36933.05,20
2024-08-01,113817.51,42077.93,19
2024-08-02,111256.12,36403.76,20
2024-08-05,108840.34,36953.44,20
2024-08-06,109761.7,40322.25,19
2024-08-07,109376.14,51576.76,16
2024-08-08,111167.36,56809.42,15
2024-08-09,111890.48,76362.39,10
2024-08-12,111873.88,80556.32,9
2024-08-13,112690.07,87115.73,7
2024-08-14,112657.12,87337.24,7
2024-08-15,113196.02,87337.24,7
2024-08-16,113325.68,87337.24,7
2024-08-19,113521.53,90863.17,6
2024-08-20,113620.07,90863.17,6
2024-08-21,113999.34,90863.17,6
2024-08-22,113647.88,90863.17,6
2024-08-23,114178.08,83816.3,8
2024-08-26,114005.29,83816.3,8
2024-08-27,114124.99,83816.3,8
2024-08-28,113834.66,87252.85,7
2024-08-29,113597.77,90936.81,6
2024-08-30,113754.16,90936.81,6
2024-09-03,113260.15,98813.4,4
2024-09-04,113303.46,88813.12,7
2024-09-05,113324.44,82448.86,9
2024-09-06,113495.1,81899.13,9
2024-09-09,113722.7,49511.15,18
2024-09-10,114403.22,46128.94,19
2024-09-11,115571.54,49077.65,18
2024-09-12,115982.11,49583.22,18
2024-09-13,116761.89,54140.34,17
2024-09-16,116728.57,50488.01,18
2024-09-17,116646.85,46006.45,19
2024-09-18,116522.27,46727.57,18
2024-09-19,117772.29,49956.79,17
2024-09-20,117859.38,50381.1,17
2024-09-23,118457.4,50381.1,17
2024-09-24,118686.5,53746.47,16
2024-09-25,118565.37,53604.19,16
2024-09-26,118921.63,60858.07,15
2024-09-27,118611.65,71496.63,13
2024-09-30,118714.74,74409.5,12
2024-10-01,118069.67,72342.34,13
2024-10-02,118485.97,54827.59,18
2024-10-03,117954.03,54827.59,18
2024-10-04,118561.51,54827.59,18
2024-10-07,117655.14,59085.99,17
2024-10-08,118546.06,52259.47,19
2024-10-09,119221.72,59642.26,17
2024-10-10,119341.34,63125.8,16
2024-10-11,119977.96,66716.44,15
2024-10-14,120393.85,66716.44,15
2024-10-15,119878.91,70931.66,14
2024-10-16,120023.3,74013.32,13
2024-10-17,120055.46,70574.1,14
2024-10-18,120521.22,67090.0,15
2024-10-21,120392.58,67343.89,15
2024-10-22,120282.9,66270.97,15
2024-10-23,120117.92,62912.85,16
2024-10-24,120436.36,47423.1,20
2024-10-25,120996.98,47423.1,20
2024-10-28,121507.6,47423.1,20
2024-10-29,121946.18,44539.81,20
2024-10-30,120896.69,44275.14,20
2024-10-31,119201.57,51551.31,18
2024-11-01,118711.14,43341.33,20
2024-11-04,118800.27,41898.96,20
2024-11-05,119871.13,41898.96,20
2024-11-06,120979.35,41417.15,20
2024-11-07,122048.6,44711.54,19
2024-11-08,122926.36,44711.54,19
2024-11-11,123927.78,49210.1,18
2024-11-12,124161.2,45012.06,19
2024-11-13,124197.04,45012.06,19
2024-11-14,123264.91,61583.34,15
2024-11-15,122187.1,78066.52,11
2024-11-18,122416.02,54145.19,18
2024-11-19,123150.63,64024.07,16
2024-11-20,123501.66,55290.91,18
2024-11-21,124838.95,55290.91,18
2024-11-22,125929.77,48373.5,20
2024-11-25,126109.67,48263.87,20
2024-11-26,126033.66,64751.82,16
2024-11-27,125193.48,76298.91,13
2024-11-29,125598.16,69049.48,15
2024-12-02,125805.53,65249.11,16
2024-12-03,126254.21,50846.53,20
2024-12-04,128653.93,50846.53,20
2024-12-05,128291.74,50846.53,20
2024-12-06,129193.14,54611.18,19
2024-12-09,128192.99,63783.59,17
2024-12-10,126659.12,59187.23,18
2024-12-11,127176.95,49859.12,20
2024-12-12,127610.12,49859.12,20
2024-12-13,126615.5,49859.12,20
2024-12-16,127937.82,49859.12,20
2024-12-17,127521.27,49859.12,20
2024-12-18,123841.77,56285.53,18
2024-12-19,123754.92,47683.5,20
2024-12-20,125056.38,47245.52,20
2024-12-23,125250.6,46034.34,20
2024-12-24,126018.78,46526.71,20
2024-12-26,125801.14,47134.67,20
2024-12-27,124652.22,47134.67,20
2024-12-30,123900.16,47134.67,20
2024-12-31,123566.61,47134.67,20
2025-01-02,123775.8,46605.9,20
2025-01-03,125238.94,46605.9,20
2025-01-06,125798.01,46605.9,20
2025-01-07,124226.2,61574.2,16
2025-01-08,124777.66,48644.89,20
2025-01-10,123164.92,48039.41,20
2025-01-13,122674.04,46011.67,20
2025-01-14,123718.45,46011.67,20
2025-01-15,125315.28,46011.67,20
2025-01-16,125815.76,50293.82,19
2025-01-17,126141.82,51980.08,19
2025-01-21,127180.54,56541.34,18
2025-01-22,127778.63,57182.44,18
2025-01-23,128308.09,57182.44,18
2025-01-24,128557.42,57182.44,18
2025-01-27,127260.67,63565.65,16
2025-01-28,128903.32,47134.31,20
2025-01-29,129324.18,47777.49,20
2025-01-30,130073.73,47777.49,20
2025-01-31,129785.75,47777.49,20
2025-02-03,129365.09,55055.8,18
2025-02-04,130119.65,48118.6,20
2025-02-05,131277.04,48118.6,20
2025-02-06,131402.15,48436.84,20
2025-02-07,131508.86,48092.52,20
2025-02-10,132154.46,47392.88,20
2025-02-11,131384.41,60391.95,17
2025-02-12,131484.04,48129.2,20
2025-02-13,132097.66,48129.2,20
2025-02-14,132089.11,47633.47,20
2025-02-18,133292.96,47795.79,20
2025-02-19,132207.44,52082.6,19
2025-02-20,130630.51,61654.01,17
2025-02-21,128887.65,68018.61,16
2025-02-24,128001.28,48241.81,20
2025-02-25,126274.98,47220.85,20
2025-02-26,126867.07,46595.07,20
2025-02-27,124754.12,45163.47,20
2025-02-28,125900.85,43006.22,20
2025-03-03,123831.08,43387.33,20
2025-03-04,123278.12,43387.33,20
2025-03-05,124275.42,42591.84,20
2025-03-06,120829.19,58790.97,16
2025-03-07,120428.98,73721.81,12
2025-03-10,118177.17,94877.66,6
2025-03-11,117702.69,94220.43,6
2025-03-12,117566.63,94477.86,6
2025-03-13,117019.11,93713.17,7
2025-03-14,117626.49,94502.85,7
2025-03-17,117947.0,97999.82,6
2025-03-18,117843.43,102821.01,4
2025-03-19,117958.18,98916.65,5
2025-03-20,117878.01,102762.61,4
2025-03-21,117795.92,102762.61,4
2025-03-24,117960.51,106538.07,3
2025-03-25,118040.41,106538.07,3
2025-03-26,117986.28,102778.7,4
2025-03-27,117942.59,102778.7,4
2025-03-28,117799.18,102778.7,4
2025-03-31,117792.28,99210.32,5
2025-04-01,117909.74,99210.32,5
2025-04-02,117757.05,102691.54,4
2025-04-03,117025.47,105717.1,3
2025-04-04,116514.34,109860.82,2
2025-04-07,116494.0,93698.91,6
2025-04-08,115976.96,92811.39,7
2025-04-09,117280.54,92811.39,7
2025-04-10,116880.61,97804.56,5
2025-04-11,117483.23,106121.19,3
2025-04-14,117618.43,106728.39,3
2025-04-15,117431.26,106728.39,3
2025-04-16,117075.9,106728.39,3
2025-04-17,117046.32,106488.44,3
2025-04-21,116857.64,110452.68,2
2025-04-22,117045.3,110452.68,2
2025-04-23,117148.72,110452.68,2
2025-04-24,117459.28,110452.68,2
2025-04-25,117592.0,110452.68,2
2025-04-28,117749.34,110452.68,2
2025-04-29,117842.47,113895.75,1
2025-04-30,117922.71,113895.75,1
2025-05-01,117846.55,113895.75,1
2025-05-02,118121.27,113895.75,1
2025-05-05,118103.93,113895.75,1
2025-05-06,117595.14,117595.14,0
2025-05-07,117595.14,117595.14,0
2025-05-08,117595.14,117595.14,0
2025-05-09,117595.14,117595.14,0
2025-05-12,117595.14,117595.14,0
2025-05-13,117595.14,117595.14,0
2025-05-14,117595.14,117595.14,0
2025-05-15,117590.08,107459.09,3
2025-05-16,117711.29,107459.09,3
2025-05-19,117700.43,110913.43,2
2025-05-20,117736.33,110913.43,2
2025-05-21,117678.13,110913.43,2
2025-05-22,117535.67,107747.47,3
2025-05-23,117577.55,107747.47,3
2025-05-27,117617.86,103598.2,4
2025-05-28,117579.88,103598.2,4
2025-05-29,117428.94,103598.2,4
2025-05-30,117617.41,103598.2,4
2025-06-02,117683.54,107073.58,3
2025-06-03,117736.7,111004.61,2
2025-06-04,117685.69,111004.61,2
2025-06-05,117746.18,111004.61,2
2025-06-06,117806.97,107669.83,3
2025-06-09,117697.64,105220.0,4
2025-06-10,117565.41,105061.9,4
2025-06-11,117521.26,105061.9,4
2025-06-12,117534.55,101939.04,5
2025-06-13,117324.56,101939.04,5
2025-06-16,117542.96,95216.58,7
2025-06-17,117309.98,91943.5,8
2025-06-18,117292.11,91943.5,8
2025-06-20,117364.96,88762.87,9
2025-06-23,118028.91,92132.17,8
2025-06-24,118491.61,92132.17,8
2025-06-25,118170.99,88571.86,9
2025-06-26,118042.82,88571.86,9
2025-06-27,117938.63,80097.13,11
2025-06-30,118387.23,79433.05,11
2025-07-01,118061.06,79433.05,11
2025-07-02,117999.95,86127.53,9
2025-07-03,118389.71,86127.53,9
2025-07-07,118334.76,97923.66,6
2025-07-08,118263.78,97923.66,6
2025-07-09,118308.75,87440.41,9
2025-07-10,118230.46,74431.36,13
2025-07-11,117947.58,47527.79,20
2025-07-14,118344.78,45953.72,20
2025-07-15,118418.29,45493.74,20
2025-07-16,118724.26,45493.74,20
2025-07-17,119366.82,45493.74,20
2025-07-18,119657.25,45930.41,20
2025-07-21,119770.18,46897.02,20
2025-07-22,119123.81,47558.5,20
2025-07-23,119151.27,48340.05,20
2025-07-24,118709.73,48340.05,20
2025-07-25,118685.64,46532.06,20
2025-07-28,118713.32,44432.38,20
2025-07-29,118597.0,42841.12,20
2025-07-30,118485.19,42815.32,20
2025-07-31,117330.52,41440.62,20
2025-08-01,116003.75,40384.49,20
2025-08-04,117008.65,39502.26,20
2025-08-05,115514.93,39454.49,20
2025-08-06,115484.2,39264.51,20
2025-08-07,113877.64,39811.81,20
2025-08-08,113725.64,39067.39,20
2025-08-11,113114.3,35814.58,20
2025-08-12,115429.23,35814.58,20
2025-08-13,115909.98,36094.37,20
2025-08-14,115493.28,40357.05,19
2025-08-15,115608.54,36601.12,20
2025-08-18,115844.84,36601.12,20
2025-08-19,114692.43,44390.28,18
2025-08-20,114706.09,37041.38,20
2025-08-21,114200.85,37041.38,20
2025-08-22,115922.02,37041.38,20
2025-08-25,115886.19,38910.07,20
2025-08-26,116110.91,38910.07,20
2025-08-27,116314.6,39715.72,20
2025-08-28,117168.65,37925.02,20
2025-08-29,115860.29,37925.02,20
2025-09-02,115288.12,34927.94,20
2025-09-03,115530.33,34927.94,20
2025-09-04,116201.79,34272.93,20
2025-09-05,116810.43,34375.46,20
2025-09-08,117476.85,34375.46,20
2025-09-09,117868.16,34375.46,20
2025-09-10,116924.36,33461.73,20
2025-09-11,117874.16,33461.73,20
2025-09-12,117388.38,34825.26,20
2025-09-15,118233.01,34654.96,20
2025-09-16,118204.88,34654.96,20
2025-09-17,118449.73,34734.56,20
2025-09-18,120261.21,34734.56,20
2025-09-19,120373.04,40006.33,19
2025-09-22,121597.91,40006.33,19
2025-09-23,120909.5,40006.33,19
2025-09-24,120469.87,53643.34,16
2025-09-25,119939.61,50477.14,17
2025-09-26,120442.08,52600.07,17
2025-09-29,121017.76,51108.86,18
2025-09-30,121443.27,43137.33,20
2025-10-01,122364.31,43137.33,20
2025-10-02,123313.59,43137.33,20
2025-10-03,123120.46,42818.26,20
2025-10-06,124526.53,42818.26,20
2025-10-07,124190.72,41977.01,20
2025-10-08,125151.85,43296.68,20
2025-10-09,124708.42,43296.68,20
2025-10-10,121158.13,42613.23,20
2025-10-13,123034.45,42613.23,20
2025-10-14,122879.55,42572.92,20
2025-10-15,124108.59,44025.21,20
2025-10-16,123743.31,44025.21,20
2025-10-17,124059.18,44025.21,20
2025-10-20,125163.5,44025.21,20
2025-10-21,124998.35,44025.21,20
2025-10-22,124017.85,47591.3,19
2025-10-23,125275.07,43669.54,20
2025-10-24,125952.65,43669.54,20
2025-10-27,127500.83,43669.54,20
2025-10-28,127639.44,47438.27,19
2025-10-29,128784.85,43889.45,20
2025-10-30,127799.75,39935.76,20
2025-10-31,128599.91,39955.32,20
2025-11-03,129162.73,42010.77,20
2025-11-04,126872.58,62133.39,15
2025-11-05,127712.71,45505.44,20
2025-11-06,125824.45,49014.56,19
2025-11-07,125414.32,43316.03,20
2025-11-10,127150.22,43316.03,20
2025-11-11,126182.63,42432.33,20
2025-11-12,125810.97,42432.33,20
2025-11-13,123235.96,48241.64,20
2025-11-14,123301.62,47433.0,20
2025-11-17,121913.68,44285.2,20
2025-11-18,120712.05,39004.93,20
2025-11-19,121106.97,37547.42,20
2025-11-20,118260.82,45213.75,18
2025-11-21,118449.22,37516.77,20
2025-11-24,120549.47,37176.74,20
2025-11-25,122227.79,46894.72,18
2025-11-26,122481.02,55784.42,16
2025-11-28,123685.88,60680.25,15
2025-12-01,123256.67,68964.77,13
2025-12-02,125028.53,68964.77,13
2025-12-03,125373.39,68964.77,13
2025-12-04,125289.81,69550.15,13
2025-12-05,125568.17,81444.1,10
2025-12-08,125978.99,77161.07,11
2025-12-09,125872.19,73512.25,12
2025-12-10,126300.2,73512.25,12
2025-12-11,126766.11,69803.12,13
2025-12-12,125039.62,88954.08,9
2025-12-15,124973.51,70324.59,14
2025-12-16,125053.52,63174.75,16
2025-12-17,123458.53,72727.3,13
2025-12-18,123824.56,47472.26,20
2025-12-19,124839.62,47583.54,20
2025-12-22,125198.9,52233.77,19
2025-12-23,125497.46,52233.77,19
2025-12-24,125571.21,48792.05,20
2025-12-26,125225.98,53490.97,19
2025-12-29,124895.05,53490.97,19
2025-12-30,124532.55,50038.55,20
2025-12-31,123985.8,50516.34,20
2026-01-02,125299.48,50516.34,20
2026-01-05,126922.4,50516.34,20
2026-01-06,128293.3,48770.88,20
2026-01-07,127909.37,52191.43,19
2026-01-08,126798.49,71968.54,14
2026-01-09,127024.73,64342.14,16
2026-01-12,127958.25,60994.94,17
2026-01-13,127865.83,63615.97,16
2026-01-14,126943.46,47821.1,20
2026-01-15,127107.64,47821.1,20
2026-01-16,126786.21,45820.44,20
2026-01-20,124663.28,55290.87,18
2026-01-21,125365.79,48218.09,20
2026-01-22,126020.49,48218.09,20
2026-01-23,125494.11,60032.05,17
2026-01-26,125964.75,52036.27,19
2026-01-27,126652.87,72493.73,14
2026-01-28,126888.49,68572.63,15
2026-01-29,126544.46,69480.04,15
2026-01-30,125683.72,79564.16,13
2026-02-02,126062.95,55670.8,19
2026-02-03,124778.66,65546.07,16
2026-02-04,123538.83,68582.17,15
2026-02-05,122770.13,60886.79,17
2026-02-06,125306.48,53700.8,19
2026-02-09,126551.77,61552.29,17
2026-02-10,125755.15,65499.01,16
2026-02-11,126074.92,73246.74,14
2026-02-12,124750.15,80394.68,12
2026-02-13,125819.83,78826.71,12
2026-02-17,125502.96,94722.27,8
2026-02-18,125909.97,94722.27,8
2026-02-19,125859.43,94722.27,8
2026-02-20,125757.57,90022.96,9
2026-02-23,125764.93,90022.96,9
2026-02-24,126167.84,82378.69,11
2026-02-25,126820.14,86614.14,10
2026-02-26,125787.19,97969.8,7
2026-02-27,125706.15,98903.6,7
2026-03-02,125526.9,96061.3,8
2026-03-03,124570.97,92587.68,9
2026-03-04,124814.12,80562.15,12
2026-03-05,123928.34,87037.81,10
2026-03-06,122681.52,83203.99,11
2026-03-09,124093.68,69623.13,14
2026-03-10,124446.82,73608.83,13
2026-03-11,124975.61,73608.83,13
2026-03-12,123548.34,70255.61,14
2026-03-13,123768.1,66141.53,15
2026-03-16,124912.34,70095.87,14
2026-03-17,126094.24,75321.53,13
2026-03-18,124867.0,82948.08,11
2026-03-19,125143.17,86932.15,10
2026-03-20,123868.84,98810.05,7
2026-03-23,124473.56,98810.05,7
2026-03-24,125063.03,100120.81,7
2026-03-25,125380.6,100120.81,7
2026-03-26,124385.3,100288.95,7
2026-03-27,124015.49,99354.68,8
2026-03-30,123277.83,98637.36,8
2026-03-31,124871.25,100781.5,7
2026-04-01,125552.11,105482.79,6
2026-04-02,125883.26,105482.79,6
2026-04-06,126191.46,105482.79,6
2026-04-07,126711.62,105482.79,6
2026-04-08,127805.95,105482.79,6
2026-04-09,128226.13,109072.5,5
2026-04-10,128543.59,109072.5,5
2026-04-13,128971.02,109072.5,5
2026-04-14,129431.81,109072.5,5
2026-04-15,129430.06,109072.5,5
2026-04-16,129602.64,109072.5,5
2026-04-17,130446.48,102655.49,7
2026-04-20,130588.07,102655.49,7
2026-04-21,130463.47,102655.49,7
2026-04-22,130832.05,102655.49,7
2026-04-23,131970.65,102655.49,7
2026-04-24,132570.68,102655.49,7
2026-04-27,132109.0,98866.15,8
2026-04-28,131068.9,116028.7,4
2026-04-29,131415.35,116028.7,4
2026-04-30,131945.11,112275.99,5
2026-05-01,132069.4,112275.99,5
2026-05-04,131967.95,109040.76,6
2026-05-05,131544.62,107946.74,6
2026-05-06,131938.89,104271.03,7
2026-05-07,131572.08,113994.0,5
2026-05-08,132036.96,105188.23,7
2026-05-11,132221.21,105188.23,7
2026-05-12,131748.95,104761.58,7
2026-05-13,132149.4,104761.58,7
2026-05-14,132472.29,99717.0,8
2026-05-15,131814.3,103793.3,7
2026-05-18,131581.81,96525.02,9
2026-05-19,131407.98,96525.02,9
2026-05-20,132432.86,96941.11,9
2026-05-21,132866.91,101229.69,8
2026-05-22,133026.03,101229.69,8
2026-05-26,133802.17,101229.69,8
2026-05-27,133393.71,97557.53,9
2026-05-28,133063.96,98068.02,9
2026-05-29,132737.73,98168.05,9
2026-06-01,132292.68,87297.16,12
2026-06-02,133445.75,82652.42,13
2026-06-03,133196.3,86842.87,12
2026-06-04,133224.27,78767.74,14
2026-06-05,131537.52,89749.52,11
2026-06-08,131743.99,57073.43,19
2026-06-09,131497.75,53213.69,20
2026-06-10,129176.99,53065.82,20
2026-06-11,131481.42,53065.82,20
2026-06-12,133305.35,53065.82,20
2026-06-15,135292.61,61189.29,18
2026-06-16,134619.97,74697.85,15
2026-06-17,134236.09,70911.76,16
2026-06-18,135548.59,62495.45,18
2026-06-22,135682.73,58580.79,19
2026-06-23,134991.59,63408.07,18
2026-06-24,133939.37,54270.66,20
2026-06-25,132921.97,54270.66,20
2026-06-26,133177.92,54270.66,20
2026-06-29,135070.35,53484.52,20
2026-06-30,135505.36,54514.77,20
2026-07-01,134718.07,55086.08,20
2026-07-02,131969.21,73837.49,15
2026-07-06,133064.05,72513.27,15
2026-07-07,131455.41,68344.18,16
