,equity
2015-12-16,100000.0
2015-12-17,100000.0
2015-12-18,100000.0
2015-12-21,100000.0
2015-12-22,100000.0
2015-12-23,100000.0
2015-12-24,100000.0
2015-12-28,100000.0
2015-12-29,100000.0
2015-12-30,100000.0
2015-12-31,100000.0
2016-01-04,100000.0
2016-01-05,100000.0
2016-01-06,100000.0
2016-01-07,100000.0
2016-01-08,100000.0
2016-01-11,100000.0
2016-01-12,100000.0
2016-01-13,100000.0
2016-01-14,100000.0
2016-01-15,100000.0
2016-01-19,100000.0
2016-01-20,100000.0
2016-01-21,100000.0
2016-01-22,100000.0
2016-01-25,100000.0
2016-01-26,100000.0
2016-01-27,100000.0
2016-01-28,100000.0
2016-01-29,100000.0
2016-02-01,100000.0
2016-02-02,100000.0
2016-02-03,100000.0
2016-02-04,100000.0
2016-02-05,100000.0
2016-02-08,100000.0
2016-02-09,100000.0
2016-02-10,100000.0
2016-02-11,100000.0
2016-02-12,100000.0
2016-02-16,100000.0
2016-02-17,100000.0
2016-02-18,100000.0
2016-02-19,100000.0
2016-02-22,100000.0
2016-02-23,100000.0
2016-02-24,100000.0
2016-02-25,100000.0
2016-02-26,100000.0
2016-02-29,100000.0
2016-03-01,99970.0
2016-03-02,100201.7391577503
2016-03-03,100720.9855443444
2016-03-04,100673.43174838112
2016-03-07,100823.76501113568
2016-03-08,100683.94068587826
2016-03-09,100433.44158364667
2016-03-10,100917.21484252463
2016-03-11,100396.43309079377
2016-03-14,100007.99679366493
2016-03-15,100030.90428478603
2016-03-16,100699.981104643
2016-03-17,100584.74294097786
2016-03-18,100501.85178297014
2016-03-21,100290.4445574276
2016-03-22,100378.96549598049
2016-03-23,99697.48974528218
2016-03-24,99625.67298355968
2016-03-28,99695.04098023828
2016-03-29,100249.09326950804
2016-03-30,99828.71471033717
2016-03-31,99966.82128089723
2016-04-01,99785.8207233777
2016-04-04,99586.12992165299
2016-04-05,99974.52923360767
2016-04-06,99790.99588111654
2016-04-07,100218.52481113053
2016-04-08,100172.89788686417
2016-04-11,100578.90096890654
2016-04-12,100583.92973111416
2016-04-13,100262.19360934575
2016-04-14,99841.79742766617
2016-04-15,100048.96576104642
2016-04-18,100003.14950091459
2016-04-19,100471.994910702
2016-04-20,100318.23681416335
2016-04-21,100432.0711420348
2016-04-22,100046.05301624606
2016-04-25,100132.61520586228
2016-04-26,100252.03080112109
2016-04-27,100338.17929920985
2016-04-28,100907.13318450953
2016-04-29,101496.15345190186
2016-05-02,101364.7713831727
2016-05-03,101200.59359140662
2016-05-04,100924.12514424606
2016-05-05,100925.82369567717
2016-05-06,101338.64578331643
2016-05-09,100041.3487820477
2016-05-10,100357.99835592129
2016-05-11,101025.9305452256
2016-05-12,100308.83527151706
2016-05-13,100515.43726025768
2016-05-16,100595.76006814024
2016-05-17,100821.16941589005
2016-05-18,99754.21556435726
2016-05-19,99192.09980012057
2016-05-20,99190.6486858768
2016-05-23,98962.17253476214
2016-05-24,98263.36431023158
2016-05-25,98323.79670680882
2016-05-26,98287.32019486891
2016-05-27,97863.46960314746
2016-05-31,97638.62887217912
2016-06-01,97551.97888922425
2016-06-02,97483.82436826738
2016-06-03,98295.41680864067
2016-06-06,98305.33918436914
2016-06-07,98280.54003182687
2016-06-08,98717.26943979732
2016-06-09,98881.82505954416
2016-06-10,99001.7060072839
2016-06-13,99221.27645586616
2016-06-14,99252.82854364523
2016-06-15,99473.53500268022
2016-06-16,99159.86448500506
2016-06-17,99541.49782494844
2016-06-20,99363.21505554029
2016-06-21,98789.82549055199
2016-06-22,98804.542228957
2016-06-23,98610.85568346322
2016-06-24,100061.57055359098
2016-06-27,100223.57507385958
2016-06-28,99900.78349757989
2016-06-29,100025.14051685443
2016-06-30,100175.37016266692
2016-07-01,100606.17504826629
2016-07-05,101135.90699904747
2016-07-06,101444.18270220439
2016-07-07,100830.91673927127
2016-07-08,101669.58239319544
2016-07-11,101535.84622782683
2016-07-12,100839.49672620487
2016-07-13,101467.64535510138
2016-07-14,101088.78254353047
2016-07-15,100768.34413928735
2016-07-18,100834.47507358008
2016-07-19,100630.63937274646
2016-07-20,99605.86448329772
2016-07-21,100607.0356417731
2016-07-22,100139.57622543568
2016-07-25,99790.89632821303
2016-07-26,100057.75069486375
2016-07-27,101412.54410111299
2016-07-28,101129.85166593954
2016-07-29,101575.52692374862
2016-08-01,101664.56139581947
2016-08-02,102189.7295046457
2016-08-03,101996.99692891457
2016-08-04,101652.10610143226
2016-08-05,100804.99559846034
2016-08-08,100903.96004615845
2016-08-09,101020.00093405612
2016-08-10,101791.65190163942
2016-08-11,101033.53932289594
2016-08-12,100184.78338926949
2016-08-15,100523.17789604541
2016-08-16,100852.29391816138
2016-08-17,100777.4637155918
2016-08-18,101215.96471058426
2016-08-19,100426.88480053081
2016-08-22,99724.89041473278
2016-08-23,99747.56568181298
2016-08-24,98498.13305155236
2016-08-25,98484.37941130668
2016-08-26,98660.75533393605
2016-08-29,98870.88853943777
2016-08-30,97971.45628545499
2016-08-31,97857.15013149011
2016-09-01,98285.32522647698
2016-09-02,99067.70215554856
2016-09-06,100103.14206010252
2016-09-07,99767.52287539732
2016-09-08,99424.76485938589
2016-09-09,98343.67189937297
2016-09-12,98164.02906348491
2016-09-13,97284.98100363677
2016-09-14,98014.16842175639
2016-09-15,97562.93122027251
2016-09-16,97076.85190317949
2016-09-19,97674.60858284836
2016-09-20,98057.66367494722
2016-09-21,99162.01451213636
2016-09-22,99599.09168846447
2016-09-23,99449.9186267938
2016-09-26,99128.16603802973
2016-09-27,98640.99115736346
2016-09-28,99047.24315237367
2016-09-29,98969.75605650287
2016-09-30,99206.80176634775
2016-10-03,98739.47438826427
2016-10-04,96706.18419322131
2016-10-05,96264.42209281187
2016-10-06,95513.831615349
2016-10-07,95668.16110903176
2016-10-10,95958.79164215624
2016-10-11,95052.91536401815
2016-10-12,95102.53831223272
2016-10-13,94844.61766202284
2016-10-14,94575.16394566205
2016-10-17,94698.40420842746
2016-10-18,95005.15578042626
2016-10-19,95249.4743652785
2016-10-20,94605.17315794103
2016-10-21,94555.52273793676
2016-10-24,95020.59177972306
2016-10-25,96184.92823260976
2016-10-26,95920.50275936598
2016-10-27,96253.61537033513
2016-10-28,97037.41310289786
2016-10-31,97669.31826649563
2016-11-01,98320.59410391435
2016-11-02,98366.4045823642
2016-11-03,98757.84927353731
2016-11-04,98647.88382160789
2016-11-07,98355.22754982117
2016-11-08,98692.90543662492
2016-11-09,99291.77106012152
2016-11-10,99476.86495772135
2016-11-11,97008.7990085603
2016-11-14,96617.13888445341
2016-11-15,97095.05227317187
2016-11-16,96145.32385496917
2016-11-17,95745.53412010739
2016-11-18,95427.01641608178
2016-11-21,95827.12660013861
2016-11-22,96340.8258499021
2016-11-23,96135.57726239381
2016-11-25,96979.92218337304
2016-11-28,96965.68711076015
2016-11-29,96262.12192914548
2016-11-30,95886.50581914822
2016-12-01,95874.22544869734
2016-12-02,95280.81011706388
2016-12-05,97017.68105247949
2016-12-06,97048.65011841536
2016-12-07,95874.83798908013
2016-12-08,96487.9377002293
2016-12-09,97295.82902239128
2016-12-12,96045.10037004849
2016-12-13,95745.98082609045
2016-12-14,95859.64406058902
2016-12-15,95114.79827490344
2016-12-16,94444.69964452522
2016-12-19,93250.7897438474
2016-12-20,93314.48590582922
2016-12-21,94337.81008037191
2016-12-22,94377.0307130232
2016-12-23,94676.70200020206
2016-12-27,95633.87866158782
2016-12-28,95948.7665493454
2016-12-29,95236.94168855553
2016-12-30,95330.97221847592
2017-01-03,92753.29905276539
2017-01-04,93790.08050987686
2017-01-05,93951.41393376898
2017-01-06,93946.80702088507
2017-01-09,92906.3796527235
2017-01-10,93623.22391387404
2017-01-11,94237.43912054678
2017-01-12,95918.41953489903
2017-01-13,96362.62150862196
2017-01-17,95242.9313674762
2017-01-18,94656.77128535937
2017-01-19,94483.70044534862
2017-01-20,95067.42263720211
2017-01-23,95524.26133942664
2017-01-24,96449.98491783002
2017-01-25,96289.2755226047
2017-01-26,96279.21946821711
2017-01-27,96111.07140456868
2017-01-30,95301.34621414424
2017-01-31,95988.69366862961
2017-02-01,96244.75930636462
2017-02-02,96073.45003957779
2017-02-03,95454.94848396629
2017-02-06,95062.75024620954
2017-02-07,94619.31539535442
2017-02-08,95265.39752899305
2017-02-09,95237.71753687295
2017-02-10,97327.5598618245
2017-02-13,96839.65777396635
2017-02-14,96556.79803098328
2017-02-15,96799.93238297546
2017-02-16,96477.93768193266
2017-02-17,96088.19123784557
2017-02-21,97021.96431671837
2017-02-22,96438.79921675297
2017-02-23,95680.25592639166
2017-02-24,96052.97729705999
2017-02-27,96086.27566825408
2017-02-28,96303.59496809475
2017-03-01,96572.88069223311
2017-03-02,94724.84526993363
2017-03-03,95529.73427719853
2017-03-06,94795.96517528415
2017-03-07,94123.97618262102
2017-03-08,91455.77034261748
2017-03-09,90804.510014077
2017-03-10,90034.02857062133
2017-03-13,90453.86739634765
2017-03-14,90185.91261684634
2017-03-15,91561.5526104415
2017-03-16,91556.19231177431
2017-03-17,91941.19586758674
2017-03-20,91291.43371184498
2017-03-21,90057.9333319458
2017-03-22,90501.2887108998
2017-03-23,90112.05131799089
2017-03-24,90390.99700067332
2017-03-27,89908.2722949094
2017-03-28,90934.07919420766
2017-03-29,92086.96607650245
2017-03-30,92855.84172596272
2017-03-31,92784.24723064477
2017-04-03,91566.49092929253
2017-04-04,91884.9175265502
2017-04-05,92747.07123364673
2017-04-06,92295.18869814638
2017-04-07,92049.02948927056
2017-04-10,91301.70856698263
2017-04-11,91228.00838533306
2017-04-12,90493.63500956743
2017-04-13,90801.59493138717
2017-04-17,91209.01988018374
2017-04-18,90203.12792287394
2017-04-19,89920.34804928825
2017-04-20,90334.02635438241
2017-04-21,90155.65409909021
2017-04-24,90123.13768963215
2017-04-25,89947.32738928703
2017-04-26,90022.00683820034
2017-04-27,89323.15846957466
2017-04-28,89431.20530690221
2017-05-01,89470.41381440722
2017-05-02,89139.36403060908
2017-05-03,87561.0734522038
2017-05-04,87469.7452027558
2017-05-05,87741.61951777014
2017-05-08,87035.99634396112
2017-05-09,87146.77573934125
2017-05-10,87251.75532020329
2017-05-11,87358.32595237279
2017-05-12,87466.65653363099
2017-05-15,87704.24028371219
2017-05-16,87999.57275437615
2017-05-17,87868.19269769054
2017-05-18,87609.13211353039
2017-05-19,88690.61875225643
2017-05-22,88730.85239992714
2017-05-23,88735.15272497686
2017-05-24,88664.76439930433
2017-05-25,88743.88408692331
2017-05-26,88426.03163176455
2017-05-30,88234.87136849924
2017-05-31,88392.32308640282
2017-06-01,88360.16360099011
2017-06-02,88437.77561275873
2017-06-05,88108.62632062838
2017-06-06,88303.58944726494
2017-06-07,88129.33129206851
2017-06-08,88231.46627416999
2017-06-09,88279.3201878074
2017-06-12,87885.9835441879
2017-06-13,87878.27034324023
2017-06-14,87597.6893162134
2017-06-15,87573.29561567669
2017-06-16,87594.69218787987
2017-06-19,87683.08765373504
2017-06-20,87526.64419214995
2017-06-21,87871.84402391623
2017-06-22,88094.79985142457
2017-06-23,88325.08242350108
2017-06-26,88154.38830757482
2017-06-27,88570.36666966497
2017-06-28,88656.42561664146
2017-06-29,88674.81012371577
2017-06-30,88820.1769095508
2017-07-03,88402.40325013496
2017-07-05,88087.98729676701
2017-07-06,88060.8620380668
2017-07-07,88086.58033934285
2017-07-10,87758.7990536919
2017-07-11,87975.15639801694
2017-07-12,87935.47549137367
2017-07-13,87765.97321434754
2017-07-14,87964.57594558377
2017-07-17,88741.61455420687
2017-07-18,88698.96162897917
2017-07-19,88856.57170853444
2017-07-20,88743.7708287018
2017-07-21,88644.35529823968
2017-07-24,88409.42830452496
2017-07-25,89384.51159827967
2017-07-26,89998.03147848313
2017-07-27,90182.78781105175
2017-07-28,90203.3550889437
2017-07-31,90331.36163723911
2017-08-01,89677.40706021735
2017-08-02,89844.68463274236
2017-08-03,89770.8388583394
2017-08-04,89649.42239257658
2017-08-07,90229.87021468152
2017-08-08,90946.07412750067
2017-08-09,91103.87918498114
2017-08-10,91146.42566787108
2017-08-11,91336.07810835796
2017-08-14,91092.32447647837
2017-08-15,90854.08966693962
2017-08-16,92558.321864548
2017-08-17,91596.05673944746
2017-08-18,92186.27049627127
2017-08-21,92846.90266331955
2017-08-22,92755.99882396738
2017-08-23,92900.91125746227
2017-08-24,93364.43854527386
2017-08-25,93249.60511679514
2017-08-28,94149.16240443542
2017-08-29,94296.0688147203
2017-08-30,94014.85111003564
2017-08-31,94683.17194061408
2017-09-01,95103.27156663056
2017-09-05,95058.87997595563
2017-09-06,95135.38550171495
2017-09-07,95699.01899104535
2017-09-08,94304.63918648045
2017-09-11,94070.36497631643
2017-09-12,93807.49053853331
2017-09-13,92720.3381903654
2017-09-14,92613.12531488475
2017-09-15,92214.24587497395
2017-09-18,92130.22737044794
2017-09-19,92112.0567601764
2017-09-20,91840.03456925157
2017-09-21,91002.90334912253
2017-09-22,91174.74516470313
2017-09-25,91643.22980864349
2017-09-26,90834.51057353528
2017-09-27,90563.15160922549
2017-09-28,90893.15224273033
2017-09-29,90572.22428924807
2017-10-02,90504.99400606076
2017-10-03,90766.78739723674
2017-10-04,90857.67181904292
2017-10-05,92038.24211618271
2017-10-06,91422.31937555847
2017-10-09,91834.29742562395
2017-10-10,92549.45246953242
2017-10-11,92778.6302421092
2017-10-12,93020.99399890672
2017-10-13,93457.02941530252
2017-10-16,94383.3457929333
2017-10-17,93651.3099811994
2017-10-18,93380.28505203758
2017-10-19,93353.50391575237
2017-10-20,93173.69443104324
2017-10-23,93440.3827833968
2017-10-24,93993.63531510702
2017-10-25,93971.55398289814
2017-10-26,94066.01777503805
2017-10-27,93677.96662357984
2017-10-30,93925.31889930392
2017-10-31,93953.94013569616
2017-11-01,94211.28451190458
2017-11-02,94469.12317099048
2017-11-03,94738.72042479043
2017-11-06,96234.61523794914
2017-11-07,95094.612929594
2017-11-08,95094.97065043914
2017-11-09,95267.15491289244
2017-11-10,94870.92499516973
2017-11-13,95184.33249361951
2017-11-14,93911.8884222869
2017-11-15,93849.27205498975
2017-11-16,93718.78342204489
2017-11-17,94950.4517418054
2017-11-20,94395.44464766946
2017-11-21,95139.66607706257
2017-11-22,95925.14412354569
2017-11-24,96541.71666556032
2017-11-27,95968.80643235624
2017-11-28,95356.15956085264
2017-11-29,94516.00691052563
2017-11-30,94321.51271487532
2017-12-01,95291.4271597478
2017-12-04,94181.92272987773
2017-12-05,93027.05743086952
2017-12-06,91750.87324975203
2017-12-07,92203.36630932578
2017-12-08,93177.91545910148
2017-12-11,94209.55260547373
2017-12-12,93702.70174539418
2017-12-13,93561.12946529083
2017-12-14,94257.60230146642
2017-12-15,94982.41979838087
2017-12-18,95100.00645720995
2017-12-19,95515.00338418862
2017-12-20,96596.1726097046
2017-12-21,97045.6460113022
2017-12-22,97622.74424082294
2017-12-26,98958.4636117317
2017-12-27,99155.50046640838
2017-12-28,99836.89065517283
2017-12-29,99884.69607328901
2018-01-02,99861.43289134804
2018-01-03,100102.64704484357
2018-01-04,100425.9762031327
2018-01-05,99905.80295699954
2018-01-08,100002.44820971729
2018-01-09,100069.1039193994
2018-01-10,100590.74463719942
2018-01-11,100734.61371315423
2018-01-12,101640.40189612527
2018-01-16,101277.16975546276
2018-01-17,100781.5031989408
2018-01-18,100890.97792467565
2018-01-19,100782.17689372625
2018-01-22,101282.02933270432
2018-01-23,101218.48680992376
2018-01-24,102951.83355132012
2018-01-25,102214.57625464692
2018-01-26,102654.48690099944
2018-01-29,102123.92558406935
2018-01-30,101444.19016253934
2018-01-31,101978.95883960802
2018-02-01,102868.78223129878
2018-02-02,101398.6892307928
2018-02-05,101057.576096418
2018-02-06,100406.94172424891
2018-02-07,98493.87317939677
2018-02-08,97711.33239545004
2018-02-09,96735.78943941869
2018-02-12,97254.38162026757
2018-02-13,98176.8272602556
2018-02-14,100296.29230511686
2018-02-15,100546.38821454502
2018-02-16,100683.81128764697
2018-02-20,99999.43601727471
2018-02-21,99737.05474826656
2018-02-22,100725.1745541134
2018-02-23,100877.52675337673
2018-02-26,101204.93768024727
2018-02-27,100012.05613667394
2018-02-28,98678.8757359872
2018-03-01,98418.18100675633
2018-03-02,98441.89264335288
2018-03-05,99034.28043801413
2018-03-06,99328.09918955182
2018-03-07,98274.20390792312
2018-03-08,97815.27473417313
2018-03-09,98574.85859310652
2018-03-12,98146.43566921566
2018-03-13,98185.27258488581
2018-03-14,98111.1309723548
2018-03-15,97867.66770301484
2018-03-16,98059.2385971956
2018-03-19,97535.55103209494
2018-03-20,97581.92895541128
2018-03-21,99086.8417083407
2018-03-22,98353.89484038037
2018-03-23,99164.99678248624
2018-03-26,99221.1046698149
2018-03-27,98680.57444606272
2018-03-28,98263.54227901407
2018-03-29,98590.08716732745
2018-04-02,98078.6721129201
2018-04-03,98096.22161980416
2018-04-04,98202.49445579413
2018-04-05,98122.3305420823
2018-04-06,97154.82844614328
2018-04-09,98310.21072720295
2018-04-10,100239.098588231
2018-04-11,101132.26647124613
2018-04-12,100949.17373187882
2018-04-13,101330.57453205019
2018-04-16,100698.5692544528
2018-04-17,101039.88227453113
2018-04-18,103470.8887958442
2018-04-19,102716.19769671533
2018-04-20,102532.09913137041
2018-04-23,101929.69625536351
2018-04-24,101278.27955822989
2018-04-25,100944.92139834556
2018-04-26,101270.79144131918
2018-04-27,100832.67676551129
2018-04-30,100967.8993711203
2018-05-01,99893.40081652647
2018-05-02,99677.89104271418
2018-05-03,100564.51698578143
2018-05-04,101012.0668843379
2018-05-07,100866.23502230682
2018-05-08,100957.92803169118
2018-05-09,101544.08976412963
2018-05-10,101842.64590756854
2018-05-11,101340.94042748626
2018-05-14,101605.37402824279
2018-05-15,100931.05982279146
2018-05-16,101274.56588207748
2018-05-17,101201.90583613371
2018-05-18,101276.93994582296
2018-05-21,102023.78435728638
2018-05-22,102035.07843542034
2018-05-23,102379.96911131413
2018-05-24,101999.6364934382
2018-05-25,100616.93503197323
2018-05-29,99907.6676729707
2018-05-30,101091.5123001909
2018-05-31,100519.59225932838
2018-06-01,99441.67616623476
2018-06-04,99151.33899497073
2018-06-05,99700.06302247108
2018-06-06,100064.36919402986
2018-06-07,100503.8544633747
2018-06-08,100541.10222653211
2018-06-11,100575.70492132314
2018-06-12,100384.05003632761
2018-06-13,100800.33150442792
2018-06-14,100266.61074266775
2018-06-15,97867.95420671413
2018-06-18,98980.36227234351
2018-06-19,97921.86603280737
2018-06-20,97904.78867537802
2018-06-21,97436.66570709308
2018-06-22,99578.92684242332
2018-06-25,98299.5079697189
2018-06-26,100027.23586282729
2018-06-27,100801.28989946764
2018-06-28,101233.43194210892
2018-06-29,101814.32536408375
2018-07-02,100757.85838269016
2018-07-03,100667.24743488067
2018-07-05,100593.91537339585
2018-07-06,100715.44435870992
2018-07-09,101194.28773332894
2018-07-10,101480.80155919217
2018-07-11,98630.04830553102
2018-07-12,98910.49455399317
2018-07-13,99225.69120571678
2018-07-16,97302.17647696634
2018-07-17,97355.82660718085
2018-07-18,97918.91071847841
2018-07-19,97851.23049266232
2018-07-20,98018.1521169314
2018-07-23,98046.05456262123
2018-07-24,98384.97841046857
2018-07-25,98999.39277961198
2018-07-26,99298.57201867539
2018-07-27,98946.9314136501
2018-07-30,99503.82442885738
2018-07-31,98694.04288989543
2018-08-01,97785.06224784034
2018-08-02,98578.18171866247
2018-08-03,98375.87105169673
2018-08-06,98552.4685308315
2018-08-07,98912.97344214303
2018-08-08,97398.41977197771
2018-08-09,97255.27136862263
2018-08-10,97918.87478856783
2018-08-13,97761.24221311523
2018-08-14,97678.45409656456
2018-08-15,96193.2579350009
2018-08-16,96580.82110809113
2018-08-17,96956.09554552179
2018-08-20,97131.16958279464
2018-08-21,97447.64346360978
2018-08-22,98317.96299812204
2018-08-23,98383.11886572345
2018-08-24,98501.89289052687
2018-08-27,98481.0351657577
2018-08-28,98214.16617284181
2018-08-29,98907.03331887083
2018-08-30,99093.4245730448
2018-08-31,99242.93066422138
2018-09-04,98499.02739723134
2018-09-05,98199.63766821007
2018-09-06,97695.79266318883
2018-09-07,97775.6037735943
2018-09-10,97769.31365667944
2018-09-11,99016.45559757456
2018-09-12,99466.99275286485
2018-09-13,98565.9355881777
2018-09-14,98526.68359449123
2018-09-17,98419.35530163358
2018-09-18,99120.75602079273
2018-09-19,99609.78108941446
2018-09-20,99207.78669441183
2018-09-21,99487.18945863344
2018-09-24,100771.64485202923
2018-09-25,100948.83626054275
2018-09-26,100551.86022430817
2018-09-27,100989.42030760067
2018-09-28,101882.63733316929
2018-10-01,103231.08891508423
2018-10-02,103319.04614643537
2018-10-03,104324.23348148099
2018-10-04,103347.64558171455
2018-10-05,102999.95075269749
2018-10-08,103618.07193017645
2018-10-09,104031.7505745074
2018-10-10,102988.36236037352
2018-10-11,101754.9242921444
2018-10-12,101690.01404235541
2018-10-15,102256.9148524102
2018-10-16,102401.24220751222
2018-10-17,102210.97160065336
2018-10-18,101174.22006344452
2018-10-19,101600.58962053395
2018-10-22,101196.23174998435
2018-10-23,100020.85606826279
2018-10-24,99726.14429302445
2018-10-25,100056.01776060274
2018-10-26,100538.96855414177
2018-10-29,99781.3355317444
2018-10-30,99623.80849802244
2018-10-31,99485.3422149502
2018-11-01,98386.82486672733
2018-11-02,98778.13653414242
2018-11-05,101193.12383645038
2018-11-06,101014.73283827046
2018-11-07,100930.43689749225
2018-11-08,101204.93414032969
2018-11-09,102568.78695381901
2018-11-12,103911.94933975436
2018-11-13,105403.46141144415
2018-11-14,111379.61780606875
2018-11-15,104989.16930616123
2018-11-16,108584.5542671559
2018-11-19,110211.94384466193
2018-11-20,109749.76432792915
2018-11-21,109408.66541307345
2018-11-23,109481.00337795164
2018-11-26,107837.88583902812
2018-11-27,107444.72503898936
2018-11-28,110843.68165565911
2018-11-29,110270.95861109716
2018-11-30,110476.09964559303
2018-12-03,108529.44452052725
2018-12-04,109264.8795651642
2018-12-06,108676.00417276958
2018-12-07,109401.85475762523
2018-12-10,109383.71991195096
2018-12-11,108682.01727572043
2018-12-12,107384.60883398536
2018-12-13,107514.991765635
2018-12-14,105769.68728356466
2018-12-17,104352.30460111877
2018-12-18,105743.3980564141
2018-12-19,105354.27032219444
2018-12-20,105327.91008077588
2018-12-21,105426.86978233316
2018-12-24,104809.21573743755
2018-12-26,104081.10297755065
2018-12-27,104519.02174425972
2018-12-28,103522.14054028703
2018-12-31,101606.00463367157
2019-01-02,101385.89695088363
2019-01-03,101661.6514969818
2019-01-04,101415.03346816919
2019-01-07,101520.25611516488
2019-01-08,101437.77982210889
2019-01-09,101633.09294289527
2019-01-10,101453.60814416244
2019-01-11,101506.17646268706
2019-01-14,101578.6791940606
2019-01-15,101526.26352462199
2019-01-16,101623.72458886594
2019-01-17,101583.83076402666
2019-01-18,101311.79707802708
2019-01-22,101419.78940541894
2019-01-23,101377.20106718845
2019-01-24,101329.55450741049
2019-01-25,101773.90271906013
2019-01-28,101880.76290710519
2019-01-29,102051.81808096249
2019-01-30,102227.14481618845
2019-01-31,102241.90152239798
2019-02-01,102149.77931529681
2019-02-04,101970.54937266183
2019-02-05,102019.22544945826
2019-02-06,101520.95645963708
2019-02-07,101738.23906864897
2019-02-08,101938.16866688462
2019-02-11,101623.98461000828
2019-02-12,101694.6863407348
2019-02-13,101352.47269239968
2019-02-14,101598.38568586987
2019-02-15,102044.6312254647
2019-02-19,102777.30244535832
2019-02-20,102818.22089755785
2019-02-21,102118.23951955154
2019-02-22,102416.6860589258
2019-02-25,102304.5313614917
2019-02-26,102416.03296289661
2019-02-27,101908.95531168314
2019-02-28,101558.6548803447
2019-03-01,100281.94031376093
2019-03-04,99318.40398220356
2019-03-05,99740.3452443256
2019-03-06,99378.6788713688
2019-03-07,98684.76048929921
2019-03-08,99002.88705962425
2019-03-11,99039.4661350829
2019-03-12,100270.53532664066
2019-03-13,100774.47163458575
2019-03-14,99471.78807248322
2019-03-15,99813.22208356603
2019-03-18,100045.90550846742
2019-03-19,100831.76085061331
2019-03-20,101757.17587792117
2019-03-21,100992.49339128556
2019-03-22,100025.03903571481
2019-03-25,100570.69483311435
2019-03-26,100716.02259342441
2019-03-27,100431.4461566592
2019-03-28,99763.61872473278
2019-03-29,100749.4269906543
2019-04-01,100495.96002439747
2019-04-02,100296.7976198864
2019-04-03,101268.95085051529
2019-04-04,101753.74450892892
2019-04-05,101369.1747097187
2019-04-08,102016.46263061518
2019-04-09,101767.27076273845
2019-04-10,102067.99907407464
2019-04-11,101057.73383873134
2019-04-12,101654.0189576322
2019-04-15,101372.20512360589
2019-04-16,100675.01625202253
2019-04-17,100974.80748813674
2019-04-18,100907.27404257753
2019-04-22,100652.52992344882
2019-04-23,100215.722843
2019-04-24,100344.22528704867
2019-04-25,99749.72362342644
2019-04-26,100518.25997224324
2019-04-29,100416.70155187546
2019-04-30,100472.19567414903
2019-05-01,98273.33980605761
2019-05-02,97646.8310066705
2019-05-03,98773.44760904787
2019-05-06,99181.0977781086
2019-05-07,98514.29193382685
2019-05-08,98052.29334543452
2019-05-09,97705.06154376206
2019-05-10,98295.57907586159
2019-05-13,97560.43247471591
2019-05-14,97671.16309244045
2019-05-15,97617.0823511212
2019-05-16,97092.56986613026
2019-05-17,96336.79017020029
2019-05-20,96198.25299165427
2019-05-21,96075.26769747825
2019-05-22,95244.9540556855
2019-05-23,95381.31291980842
2019-05-24,95784.9515536592
2019-05-28,95387.6098159505
2019-05-29,94942.44404283889
2019-05-30,94975.64275967987
2019-05-31,95074.47846762343
2019-06-03,96516.33972536211
2019-06-04,96525.59735928473
2019-06-05,96599.6400951723
2019-06-06,96694.33715936783
2019-06-07,96857.9522507758
2019-06-10,96568.7339286891
2019-06-11,96534.06036953359
2019-06-12,96684.4373140611
2019-06-13,96861.93081581409
2019-06-14,96852.7493798921
2019-06-17,96834.38419694008
2019-06-18,96981.38122051257
2019-06-19,97157.61313452992
2019-06-20,97891.4804448439
2019-06-21,98086.35141488006
2019-06-24,98523.34924834443
2019-06-25,98580.72313769654
2019-06-26,98309.6638134765
2019-06-27,98280.82858100433
2019-06-28,98360.731831344
2019-07-01,97759.83905598221
2019-07-02,97228.99442839257
2019-07-03,97592.43387045241
2019-07-05,97735.67539275321
2019-07-08,97361.88184104931
2019-07-09,97649.87017824374
2019-07-10,99253.32537629412
2019-07-11,99001.90923467549
2019-07-12,99187.67811447752
2019-07-15,98901.2691170277
2019-07-16,98134.17503187986
2019-07-17,97990.57354431874
2019-07-18,97905.22444458831
2019-07-19,97822.32129991343
2019-07-22,97943.50281232937
2019-07-23,98121.62094917234
2019-07-24,97853.0362257237
2019-07-25,97645.48969933677
2019-07-26,97803.27234061026
2019-07-29,98232.77980494988
2019-07-30,98844.54996564187
2019-07-31,98240.37894524087
2019-08-01,97395.4129669522
2019-08-02,96989.47488624314
2019-08-05,97565.36962037359
2019-08-06,97712.27237566118
2019-08-07,98796.8987662687
2019-08-08,98874.0808153239
2019-08-09,98710.76764875697
2019-08-12,98894.74594948541
2019-08-13,98638.29973508143
2019-08-14,98764.82464198486
2019-08-15,98847.15928407859
2019-08-16,98795.30675515978
2019-08-19,98403.26520956305
2019-08-20,98758.3238409573
2019-08-21,98798.6166083225
2019-08-22,98770.70962211174
2019-08-23,99464.59875651114
2019-08-26,99600.37833114954
2019-08-27,100468.92857606539
2019-08-28,101227.00280078876
2019-08-29,101283.66399275138
2019-08-30,101635.8768353837
2019-09-03,103012.28580624178
2019-09-04,104118.74025469489
2019-09-05,102336.0667421186
2019-09-06,101433.73511629931
2019-09-09,101338.08708380011
2019-09-10,100909.34966837997
2019-09-11,101383.26928122058
2019-09-12,101501.7916390376
2019-09-13,100723.57899805701
2019-09-16,101096.53558394496
2019-09-17,101298.29770698116
2019-09-18,100695.35049723537
2019-09-19,100989.18262573071
2019-09-20,101501.52482250778
2019-09-23,102559.36084330107
2019-09-24,102500.26160993635
2019-09-25,100937.83079888257
2019-09-26,101019.91240446766
2019-09-27,100566.57276781947
2019-09-30,99039.8591880395
2019-10-01,99259.90581477252
2019-10-02,99915.41514582234
2019-10-03,100024.64453965271
2019-10-04,99841.55288609532
2019-10-07,99514.0710466952
2019-10-08,100214.93748166593
2019-10-09,100279.84909676599
2019-10-10,99997.56925721078
2019-10-11,99858.05740021913
2019-10-14,99993.44985729318
2019-10-15,99504.60241553487
2019-10-16,99621.22182099165
2019-10-17,99795.76963996148
2019-10-18,99851.76535300908
2019-10-21,99708.9913417296
2019-10-22,99786.72449985336
2019-10-23,100305.30415288694
2019-10-24,100813.35248893012
2019-10-25,101143.00718045646
2019-10-28,100670.58718026428
2019-10-29,100609.3755829306
2019-10-30,100836.14567987375
2019-10-31,101374.69604235166
2019-11-01,101691.7931872996
2019-11-04,101321.06937762442
2019-11-05,100527.7736550703
2019-11-06,100632.13959827613
2019-11-07,99531.37369046637
2019-11-08,98708.37085934565
2019-11-11,98516.6391350134
2019-11-12,98414.36583797407
2019-11-13,98660.79348667375
2019-11-14,98944.43222867393
2019-11-15,99011.7779848548
2019-11-18,99220.20152465258
2019-11-19,99648.29064355903
2019-11-20,99814.67953684862
2019-11-21,99608.32093652582
2019-11-22,99042.97650881884
2019-11-25,98943.46125160373
2019-11-26,99478.39732499975
2019-11-27,98966.1756581548
2019-11-29,99198.74809172863
2019-12-02,99061.48093027317
2019-12-03,99721.30118953947
2019-12-04,99663.08490500046
2019-12-05,99903.20139994721
2019-12-06,99542.11959932976
2019-12-09,99496.08305764776
2019-12-10,100222.11359520855
2019-12-11,100701.78249286035
2019-12-12,100971.99237517084
2019-12-13,100812.7639171125
2019-12-16,101017.89132048837
2019-12-17,101328.58662767931
2019-12-18,101515.14402628479
2019-12-19,101736.03791062787
2019-12-20,101204.2366276395
2019-12-23,102083.01766058042
2019-12-24,102895.53253123703
2019-12-26,103603.59740086558
2019-12-27,103442.30073149003
2019-12-30,103719.51320252624
2019-12-31,103539.8671912306
2020-01-02,104137.56265349445
2020-01-03,105542.97660525818
2020-01-06,105575.15987188098
2020-01-07,105942.70999287935
2020-01-08,104255.98634405262
2020-01-09,103625.2470486857
2020-01-10,103893.29635019708
2020-01-13,103126.70355899041
2020-01-14,103222.77539411627
2020-01-15,103794.40001611481
2020-01-16,103829.28397287281
2020-01-17,104240.84958113785
2020-01-21,103615.10900750094
2020-01-22,102992.31668459294
2020-01-23,102237.61602491277
2020-01-24,102054.16091948214
2020-01-27,100943.406256042
2020-01-28,100661.9939048189
2020-01-29,100560.119363644
2020-01-30,100552.42700038232
2020-01-31,99798.20318032171
2020-02-03,98306.67179132972
2020-02-04,98007.93653888404
2020-02-05,98348.5860938225
2020-02-06,98236.64186304345
2020-02-07,98297.96577529031
2020-02-10,98303.43924906668
2020-02-11,98288.78361716181
2020-02-12,97976.0624342117
2020-02-13,98305.23674294991
2020-02-14,98396.07099572878
2020-02-18,99546.41554419983
2020-02-19,100111.18976597028
2020-02-20,99604.13281041077
2020-02-21,99944.17514933783
2020-02-24,99990.46155249658
2020-02-25,98292.07837550096
2020-02-26,98171.89883857283
2020-02-27,97725.30856851305
2020-02-28,95529.6611914343
2020-03-02,95597.88554099464
2020-03-03,96499.40228178132
2020-03-04,96550.1955451695
2020-03-05,97175.86819757575
2020-03-06,97186.97426394706
2020-03-09,97235.08866373479
2020-03-10,96619.55157172111
2020-03-11,96516.35170825598
2020-03-12,95361.39094275789
2020-03-13,94488.36969195493
2020-03-16,94163.91225907406
2020-03-17,94546.8433658883
2020-03-18,93981.7750300041
2020-03-19,93448.74332174475
2020-03-20,93869.14232027429
2020-03-23,95113.2723986499
2020-03-24,96498.03661428047
2020-03-25,96101.72957095524
2020-03-26,96471.40092501446
2020-03-27,96284.42517437748
2020-03-30,96411.53924051498
2020-03-31,95490.42284443097
2020-04-01,95761.31647441932
2020-04-02,96232.27319154104
2020-04-03,96374.81606407631
2020-04-06,97175.99499704012
2020-04-07,97019.89678150773
2020-04-08,96760.62171784615
2020-04-09,97518.94131819553
2020-04-13,98020.39377647206
2020-04-14,98251.76386578666
2020-04-15,98101.38093909352
2020-04-16,98075.9237881441
2020-04-17,97504.60786201427
2020-04-20,97713.05685631861
2020-04-21,97512.98132186758
2020-04-22,98088.43058310433
2020-04-23,98381.36776967287
2020-04-24,98254.88315093894
2020-04-27,98059.14633199286
2020-04-28,97928.0445008582
2020-04-29,98090.60835652778
2020-04-30,97557.48876528312
2020-05-01,97738.10448381354
2020-05-04,97840.870349962
2020-05-05,97965.35438953321
2020-05-06,97587.53362989104
2020-05-07,98036.9463223341
2020-05-08,97860.1770839061
2020-05-11,97677.16964430836
2020-05-12,97791.13157305458
2020-05-13,98073.4344683768
2020-05-14,98333.8211957983
2020-05-15,98500.31454926272
2020-05-18,98276.7933507371
2020-05-19,98561.31074601854
2020-05-20,98631.51442126394
2020-05-21,98200.20854567272
2020-05-22,98374.51891764253
2020-05-26,97955.00492643449
2020-05-27,98007.97209756917
2020-05-28,98106.48024648617
2020-05-29,98323.05262491158
2020-06-01,98429.31195206437
2020-06-02,97957.23931722093
2020-06-03,97094.22393161971
2020-06-04,97398.5015035721
2020-06-05,96518.7846257861
2020-06-08,97263.83285643968
2020-06-09,97250.8094670396
2020-06-10,98266.43851693072
2020-06-11,97443.1626002994
2020-06-12,97263.91131549697
2020-06-15,97159.46379946612
2020-06-16,97188.5993409288
2020-06-17,97322.22686439715
2020-06-18,97121.65027105318
2020-06-19,97729.77722711362
2020-06-22,97882.58965058847
2020-06-23,98406.07771038746
2020-06-24,97706.81638937438
2020-06-25,98105.34300120441
2020-06-26,98254.52220946077
2020-06-29,98292.4085735413
2020-06-30,98859.08091150322
2020-07-01,98511.1490489055
2020-07-02,98403.29753468228
2020-07-06,99051.181133695
2020-07-07,99149.34773008316
2020-07-08,100002.78152744954
2020-07-09,99777.93168433488
2020-07-10,99784.99199157122
2020-07-13,100245.32055249112
2020-07-14,100701.43514126599
2020-07-15,101003.81726770695
2020-07-16,100223.16869930743
2020-07-17,100753.69670424605
2020-07-20,101602.37137894586
2020-07-21,103471.16459441892
2020-07-22,106192.12282969135
2020-07-23,105918.73585630152
2020-07-24,106372.54456133986
2020-07-27,108929.01933018547
2020-07-28,109084.59811495632
2020-07-29,109049.87404062634
2020-07-30,107869.72034704412
2020-07-31,109217.78544512998
2020-08-03,109286.03748596615
2020-08-04,111010.03843269867
2020-08-05,112144.43772120475
2020-08-06,114037.31091507745
2020-08-07,111317.7854716765
2020-08-10,112761.7633559769
2020-08-11,108393.48612596725
2020-08-12,108689.34641677001
2020-08-13,109819.30732732886
2020-08-14,109652.55786244043
2020-08-17,112059.29783187393
2020-08-18,113295.87735375618
2020-08-19,112185.29327028921
2020-08-20,112800.75389415964
2020-08-21,111291.87326918088
2020-08-24,110921.1563436567
2020-08-25,111430.5312858997
2020-08-26,112461.60333519733
2020-08-27,112123.90591436496
2020-08-28,113373.87526475354
2020-08-31,114078.93976724222
2020-09-01,113854.03320997182
2020-09-02,112673.20762380918
2020-09-03,111185.3920993423
2020-09-04,112736.19625876316
2020-09-08,111678.85755368289
2020-09-09,112702.74382676453
2020-09-10,111427.84361764141
2020-09-11,112602.39377816711
2020-09-14,113721.2279537975
2020-09-15,113682.08055334666
2020-09-16,113874.02020702175
2020-09-17,113487.98174312331
2020-09-18,113649.14269935522
2020-09-21,110836.06071181396
2020-09-22,110648.31260707858
2020-09-23,107534.23990371423
2020-09-24,108200.3682711115
2020-09-25,108159.3093569732
2020-09-28,109593.36516028836
2020-09-29,109957.04626007468
2020-09-30,109692.4348964332
2020-10-01,108522.48073556856
2020-10-02,108911.75827586657
2020-10-05,109496.10623499138
2020-10-06,108241.49726325138
2020-10-07,109313.12828815579
2020-10-08,109563.53266069826
2020-10-09,111415.33575996011
2020-10-12,111152.95489233524
2020-10-13,110146.78761754924
2020-10-14,110157.83464126183
2020-10-15,110773.674528411
2020-10-16,110444.58180882609
2020-10-19,110502.01321545058
2020-10-20,111680.22816448194
2020-10-21,112620.02209279212
2020-10-22,111902.4815428895
2020-10-23,112101.90584823291
2020-10-26,111029.93303742007
2020-10-27,111196.54897196201
2020-10-28,110072.44387303287
2020-10-29,109819.36116203526
2020-10-30,109869.5008820713
2020-11-02,110824.65291488606
2020-11-03,111140.711421298
2020-11-04,111555.9593630488
2020-11-05,113064.4583812503
2020-11-06,113864.62247275018
2020-11-09,112338.99084966218
2020-11-10,112952.10841344036
2020-11-11,112602.97474339299
2020-11-12,112599.99073113406
2020-11-13,113397.33476320235
2020-11-16,114562.42021633717
2020-11-17,114755.74226264347
2020-11-18,114789.33812534896
2020-11-19,114816.11740881529
2020-11-20,115638.80995870403
2020-11-23,114691.98270315952
2020-11-24,114876.94689971596
2020-11-25,114694.6908865881
2020-11-27,115560.99926234165
2020-11-30,115485.57626986354
2020-12-01,116752.38194480712
2020-12-02,116926.58697628621
2020-12-03,117307.62574748269
2020-12-04,118306.92366112393
2020-12-07,117942.83160778988
2020-12-08,117703.23179272898
2020-12-09,117281.45618284967
2020-12-10,118991.63954245897
2020-12-11,117813.20046451729
2020-12-14,117888.00864606077
2020-12-15,118892.18782660677
2020-12-16,119456.8998119955
2020-12-17,120909.33302617683
2020-12-18,120761.81086134701
2020-12-21,120084.55415183934
2020-12-22,118166.31686605512
2020-12-23,119281.74045907616
2020-12-24,119846.90056500823
2020-12-28,120275.2248181356
2020-12-29,119858.27849547603
2020-12-30,120513.63988098776
2020-12-31,120190.20409478882
2021-01-04,121919.52048384717
2021-01-05,124115.5810718252
2021-01-06,123412.1055043887
2021-01-07,124227.175625641
2021-01-08,120830.65015611488
2021-01-11,118418.09870756397
2021-01-12,120688.5908999117
2021-01-13,120200.18365337276
2021-01-14,121193.88988971521
2021-01-15,118551.83525243486
2021-01-19,119411.58687261947
2021-01-20,121163.51981827347
2021-01-21,121573.75742928218
2021-01-22,120289.60470584499
2021-01-25,120465.88422821983
2021-01-26,120150.769728628
2021-01-27,118013.456973393
2021-01-28,119186.24318808687
2021-01-29,118874.21768490173
2021-02-01,120919.39354853386
2021-02-02,118960.61833754719
2021-02-03,119809.16286297557
2021-02-04,119098.70514058405
2021-02-05,120907.76231508041
2021-02-08,122093.08582383784
2021-02-09,123092.56915828197
2021-02-10,124318.41650897422
2021-02-11,124469.12764846343
2021-02-12,124924.76799594582
2021-02-16,125127.93055874534
2021-02-17,124781.59545166096
2021-02-18,125860.45017508403
2021-02-19,127355.9692702283
2021-02-22,129231.6934745025
2021-02-23,129013.52366272233
2021-02-24,130619.34172608596
2021-02-25,128452.26378187661
2021-02-26,125152.43547544396
2021-03-01,125160.46508717949
2021-03-02,127053.08532331271
2021-03-03,125312.974906489
2021-03-04,122357.55911153146
2021-03-05,123904.29750950079
2021-03-08,123799.95577595399
2021-03-09,124271.56751938222
2021-03-10,124687.64570534437
2021-03-11,126083.48809576019
2021-03-12,125936.80536753843
2021-03-15,126476.00390782331
2021-03-16,125433.09751362895
2021-03-17,126610.39603770747
2021-03-18,124629.8976327694
2021-03-19,125228.72052717545
2021-03-22,125526.30521562808
2021-03-23,123416.71818444654
2021-03-24,123454.51835183687
2021-03-25,122923.81787558428
2021-03-26,124340.3325164698
2021-03-29,123641.0566373247
2021-03-30,121798.17730604642
2021-03-31,123096.81522825504
2021-04-01,123712.2521780743
2021-04-05,124099.99605302102
2021-04-06,124694.91481719802
2021-04-07,124270.7354148858
2021-04-08,124926.26727782805
2021-04-09,124108.68067334827
2021-04-12,123160.2062747895
2021-04-13,123634.19916674781
2021-04-14,125019.51897870982
2021-04-15,126488.76373771594
2021-04-16,126177.38488267349
2021-04-19,126786.44464624625
2021-04-20,125920.14982605648
2021-04-21,127309.83875953725
2021-04-22,126536.67623722233
2021-04-23,127598.04214653332
2021-04-26,128828.15677875056
2021-04-27,129146.44797141026
2021-04-28,129433.10589023154
2021-04-29,129044.30191030726
2021-04-30,128398.92907900782
2021-05-03,130253.94083958842
2021-05-04,130493.08337189339
2021-05-05,130332.03386410716
2021-05-06,131626.39432982748
2021-05-07,132632.77812542583
2021-05-10,132374.01576332626
2021-05-11,133488.40990491974
2021-05-12,132467.77924369482
2021-05-13,131122.7201090639
2021-05-14,132029.4966543303
2021-05-17,133711.68004896044
2021-05-18,133364.63463588242
2021-05-19,130847.38521302947
2021-05-20,130002.51050594891
2021-05-21,130340.06451386232
2021-05-24,131472.98661771065
2021-05-25,131547.8698132512
2021-05-26,131572.29098600318
2021-05-27,133275.26079340532
2021-05-28,133395.12376882794
2021-06-01,133743.00610406938
2021-06-02,133806.42142090524
2021-06-03,131951.7364354249
2021-06-04,132993.46182759316
2021-06-07,132958.454932661
2021-06-08,133475.4577271202
2021-06-09,133175.339202288
2021-06-10,133277.21308003255
2021-06-11,133861.9199130533
2021-06-14,133919.88842224507
2021-06-15,132739.63751427046
2021-06-16,131919.0930493749
2021-06-17,128892.13800560172
2021-06-18,128532.63147616995
2021-06-21,129568.8879988079
2021-06-22,129821.43175862903
2021-06-23,130813.27797067432
2021-06-24,131112.32704387448
2021-06-25,131486.79333837653
2021-06-28,131099.29379900955
2021-06-29,130887.95768689484
2021-06-30,131402.64118815825
2021-07-01,131165.36683891033
2021-07-02,132484.21217664774
2021-07-06,130855.85372934467
2021-07-07,129892.4677935394
2021-07-08,130220.40147513938
2021-07-09,132187.70422355042
2021-07-12,131748.00623714816
2021-07-13,132221.7699777839
2021-07-14,130807.50029206608
2021-07-15,130405.1019984588
2021-07-16,129909.26192938021
2021-07-19,125096.01094864744
2021-07-20,126327.97286245493
2021-07-21,128410.08493124846
2021-07-22,129849.19407884976
2021-07-23,131005.46809144506
2021-07-26,132363.41573501975
2021-07-27,131333.0619147134
2021-07-28,131316.39501705806
2021-07-29,133574.80179493286
2021-07-30,133129.22675479163
2021-08-02,131347.10999719676
2021-08-03,131071.84601296273
2021-08-04,129647.14646833221
2021-08-05,130644.43604492168
2021-08-06,129877.17020722547
2021-08-09,128203.69575324754
2021-08-10,130172.16416151394
2021-08-11,130630.69092500319
2021-08-12,129455.9440616457
2021-08-13,129021.07462161739
2021-08-16,128665.47200954538
2021-08-17,127219.58788061216
2021-08-18,125826.47795103533
2021-08-19,124655.90739447619
2021-08-20,123464.94808299943
2021-08-23,126521.3778439569
2021-08-24,128522.35181488442
2021-08-25,129254.7664939929
2021-08-26,129946.82798056692
2021-08-27,131985.68794494073
2021-08-30,132317.60681637138
2021-08-31,131919.04755336756
2021-09-01,132363.38081058493
2021-09-02,133287.73886283
2021-09-03,133530.5325907739
2021-09-07,132549.69926783544
2021-09-08,134241.14867766004
2021-09-09,133973.34062042757
2021-09-10,135189.8457485516
2021-09-13,136012.91588687064
2021-09-14,135806.7444045543
2021-09-15,138296.3257726549
2021-09-16,137374.88718183275
2021-09-17,135994.45077457407
2021-09-20,134259.52840143087
2021-09-21,133718.3227840836
2021-09-22,135320.61940440553
2021-09-23,137539.91147804048
2021-09-24,138486.86470653376
2021-09-27,141650.12726396896
2021-09-28,141080.9629699891
2021-09-29,139459.73937561386
2021-09-30,140488.4328240369
2021-10-01,141083.23512033606
2021-10-04,143044.91963299556
2021-10-05,144410.40354192175
2021-10-06,141922.55495536746
2021-10-07,143753.46229907923
2021-10-08,144090.63115876185
2021-10-11,144774.49881605976
2021-10-12,144834.20809028015
2021-10-13,145562.93900559
2021-10-14,147036.10279984723
2021-10-15,148290.66647981718
2021-10-18,146607.79333441277
2021-10-19,146330.21820047847
2021-10-20,147604.48984297886
2021-10-21,144645.80256965218
2021-10-22,144962.88140803386
2021-10-25,146928.7583606122
2021-10-26,146874.43412997638
2021-10-27,144598.14748907014
2021-10-28,145065.00618852657
2021-10-29,144238.54793687054
2021-11-01,144193.8488016386
2021-11-02,144389.45015007525
2021-11-03,142892.55095494384
2021-11-04,141535.1368864253
2021-11-05,142676.17799396982
2021-11-08,143158.0075678265
2021-11-09,143264.97663069618
2021-11-10,141833.74162364248
2021-11-11,142881.28601234942
2021-11-12,142561.09131651366
2021-11-15,142836.72232473924
2021-11-16,142986.49862467803
2021-11-17,141560.85152219157
2021-11-18,142142.71831495521
2021-11-19,141324.25868259603
2021-11-22,142016.2266501534
2021-11-23,144328.78669764873
2021-11-24,144223.50479066
2021-11-26,137556.97865505895
2021-11-29,136974.90623384723
2021-11-30,133549.07425298495
2021-12-01,131602.48835459346
2021-12-02,131209.97316369924
2021-12-03,131203.962381632
2021-12-06,129096.7825487586
2021-12-07,129575.23897681298
2021-12-08,130413.74762870517
2021-12-09,129897.0752366058
2021-12-10,130440.55692423186
2021-12-13,130461.83932051309
2021-12-14,130024.20368438165
2021-12-15,129896.58167341762
2021-12-16,130150.37793956774
2021-12-17,129074.62265713075
2021-12-20,127757.54320182864
2021-12-21,129883.70272233403
2021-12-22,131630.57451616917
2021-12-23,132261.91455121062
2021-12-27,133180.46636341693
2021-12-28,132675.80856373356
2021-12-29,133144.95708790745
2021-12-30,133137.67859232597
2021-12-31,133075.420129683
2022-01-03,132363.6275887411
2022-01-04,133505.42272619094
2022-01-05,132854.5667233541
2022-01-06,133634.07454233652
2022-01-07,134054.87186903632
2022-01-10,133075.59215405205
2022-01-11,135060.90936713672
2022-01-12,136182.12196197547
2022-01-13,135361.63765050264
2022-01-14,136263.82316450114
2022-01-18,136676.7512427976
2022-01-19,137678.3453685866
2022-01-20,138194.5104937002
2022-01-21,137709.6870155873
2022-01-24,136963.41555453942
2022-01-25,137703.62689447965
2022-01-26,138005.8462274335
2022-01-27,137572.44124835503
2022-01-28,137424.37878843362
2022-01-31,137603.02055638077
2022-02-01,138727.62382046424
2022-02-02,139629.97043562148
2022-02-03,139323.95592324995
2022-02-04,140158.49910064932
2022-02-07,139839.18689588294
2022-02-08,139320.31352218371
2022-02-09,140783.30096316492
2022-02-10,140045.10125999196
2022-02-11,140934.43133805637
2022-02-14,141543.73189046702
2022-02-15,140655.33745573994
2022-02-16,140975.9820295234
2022-02-17,141441.0928841178
2022-02-18,141622.23306125327
2022-02-22,143160.3020414023
2022-02-23,143538.3364860237
2022-02-24,144491.88570695146
2022-02-25,142861.13945208082
2022-02-28,144524.9211464926
2022-03-01,149306.7949481325
2022-03-02,151962.2722967309
2022-03-03,153473.16087930385
2022-03-04,157276.10020283348
2022-03-07,159770.8292499454
2022-03-08,162453.81594575805
2022-03-09,152700.74627852335
2022-03-10,152682.06760254604
2022-03-11,153653.60076242493
2022-03-14,149856.02225398502
2022-03-15,146645.9322273177
2022-03-16,146192.91988731408
2022-03-17,150520.44093281098
2022-03-18,150589.8595025741
2022-03-21,155157.2120687635
2022-03-22,154446.08178843447
2022-03-23,158375.32496242147
2022-03-24,156505.11469062243
2022-03-25,157385.1804898625
2022-03-28,153087.64335735654
2022-03-29,152920.25533176836
2022-03-30,155290.6402192487
2022-03-31,152776.2852643907
2022-04-01,152412.84188618505
2022-04-04,153707.44659821497
2022-04-05,153061.83336690185
2022-04-06,152236.02329860264
2022-04-07,151951.72332936717
2022-04-08,152859.58249187242
2022-04-11,151566.0173666954
2022-04-12,153827.3002442131
2022-04-13,154636.4162193308
2022-04-14,154891.28066752013
2022-04-18,156361.58359791856
2022-04-19,153303.3927146838
2022-04-20,153043.8532398564
2022-04-21,153289.91700710042
2022-04-22,151228.90057419258
2022-04-25,150673.43361858936
2022-04-26,151210.44615786272
2022-04-27,151686.13451506585
2022-04-28,151908.89953256102
2022-04-29,151944.51743506212
2022-05-02,152156.53674960637
2022-05-03,151595.63172658873
2022-05-04,154415.85971443277
2022-05-05,154388.44423913
2022-05-06,153075.32768808314
2022-05-09,148807.04709670227
2022-05-10,148427.234103946
2022-05-11,151094.2191796193
2022-05-12,151104.8074616802
2022-05-13,152226.96762781488
2022-05-16,154133.8186188802
2022-05-17,154411.7876671212
2022-05-18,152857.36264087312
2022-05-19,153842.23528426536
2022-05-20,153951.5735190802
2022-05-23,155466.7462173707
2022-05-24,154985.8206596045
2022-05-25,155035.81939439828
2022-05-26,155525.80851831526
2022-05-27,156278.8456009433
2022-05-31,155002.20438316476
2022-06-01,155390.3838737395
2022-06-02,155963.41119889778
2022-06-03,156161.84539440874
2022-06-06,157087.3147324516
2022-06-07,157622.56735027576
2022-06-08,157485.65521545397
2022-06-09,157506.4983148628
2022-06-10,157183.89293666166
2022-06-13,156120.98176955726
2022-06-14,153672.93189629045
2022-06-15,153924.84962546965
2022-06-16,154580.61810165076
2022-06-17,152307.85656491635
2022-06-21,151932.905051384
2022-06-22,150832.09316883166
2022-06-23,148570.2766550168
2022-06-24,149289.62782542183
2022-06-27,149828.7139142816
2022-06-28,150694.0458805389
2022-06-29,150014.64347099618
2022-06-30,147452.07439372264
2022-07-01,147436.59272177605
2022-07-05,144200.7945654742
2022-07-06,143753.3379885871
2022-07-07,146959.74600066995
2022-07-08,147386.66488695252
2022-07-11,148443.98409342705
2022-07-12,145486.76912393785
2022-07-13,146532.56267672052
2022-07-14,146716.8054972716
2022-07-15,148287.94498132606
2022-07-18,150550.23261471002
2022-07-19,150786.41947179713
2022-07-20,151848.07618140735
2022-07-21,151067.45175997683
2022-07-22,151451.5361549446
2022-07-25,153037.32542615963
2022-07-26,152863.70949892054
2022-07-27,153856.80571366733
2022-07-28,152821.072837488
2022-07-29,153426.51511876629
2022-08-01,152045.1193429009
2022-08-02,151101.51184828987
2022-08-03,151348.20508147244
2022-08-04,150207.67483206265
2022-08-05,149936.65395403645
2022-08-08,149999.48614266247
2022-08-09,150382.14532797292
2022-08-10,151536.66477345946
2022-08-11,153361.8891493582
2022-08-12,152944.18835184778
2022-08-15,152064.79632991226
2022-08-16,152203.55440495446
2022-08-17,152391.57510339314
2022-08-18,153507.79671615938
2022-08-19,153559.05853898783
2022-08-22,154832.28214459796
2022-08-23,154958.07714949825
2022-08-24,155463.62684406555
2022-08-25,155068.09225610638
2022-08-26,154669.0279682129
2022-08-29,156081.1517887061
2022-08-30,154197.73100019043
2022-08-31,153165.4260294909
2022-09-01,152046.9453922266
2022-09-02,151099.46610507977
2022-09-06,148350.0686738039
2022-09-07,147540.54240910825
2022-09-08,148085.98863850604
2022-09-09,148457.84063109456
2022-09-12,149602.653262711
2022-09-13,149721.484432994
2022-09-14,152011.26237338045
2022-09-15,149421.7327645233
2022-09-16,147709.767721178
2022-09-19,148130.75739223085
2022-09-20,147423.53102435198
2022-09-21,147741.96937981673
2022-09-22,145827.46795617463
2022-09-23,144624.9640185971
2022-09-26,144786.4945982331
2022-09-27,143867.77224450896
2022-09-28,144670.24934001942
2022-09-29,144220.50284794165
2022-09-30,143846.57119589637
2022-10-03,142754.80034767615
2022-10-04,144233.6056198657
2022-10-05,144857.75592496936
2022-10-06,144721.07379334702
2022-10-07,143486.94542036962
2022-10-10,142794.6246946715
2022-10-11,143038.87611890616
2022-10-12,142310.38488077407
2022-10-13,143662.53035531135
2022-10-14,142704.75729711258
2022-10-17,140513.45220368367
2022-10-18,139295.01753373095
2022-10-19,137772.0080230102
2022-10-20,137380.34405547712
2022-10-21,135715.82702539372
2022-10-24,137023.2888513682
2022-10-25,139388.8247132346
2022-10-26,139121.19177248844
2022-10-27,137663.21391128498
2022-10-28,137301.4375438716
2022-10-31,140105.86759050487
2022-11-01,137641.9744353256
2022-11-02,138056.50684067275
2022-11-03,137618.30258343203
2022-11-04,139424.37349876878
2022-11-07,139203.6170050572
2022-11-08,138121.78878687223
2022-11-09,136741.01473150533
2022-11-10,137244.1067773821
2022-11-11,138295.68077092728
2022-11-14,136825.29483644004
2022-11-15,137395.96649494846
2022-11-16,136871.14431530744
2022-11-17,135730.55123018898
2022-11-18,134913.39768962047
2022-11-21,134702.66920753228
2022-11-22,135125.6702355235
2022-11-23,133571.91343187512
2022-11-25,133413.64062969832
2022-11-28,133125.0763651024
2022-11-29,133632.6316161493
2022-11-30,134753.82430205733
2022-12-01,134609.68246110328
2022-12-02,134357.5707304297
2022-12-05,132556.61368458226
2022-12-06,132331.324935296
2022-12-07,133470.02930328468
2022-12-08,133813.4796578404
2022-12-09,134934.04138403793
2022-12-12,134194.37702886388
2022-12-13,135732.05917586669
2022-12-14,135710.79126595613
2022-12-15,134080.73088415925
2022-12-16,133816.1011180007
2022-12-19,133013.47798026973
2022-12-20,135491.55379558488
2022-12-21,135032.54149289633
2022-12-22,133847.06191412473
2022-12-23,135431.90762184415
2022-12-27,135866.64618783485
2022-12-28,134678.33764825593
2022-12-29,136674.48319943895
2022-12-30,137115.83708355392
2023-01-03,137517.90829335584
2023-01-04,137451.07718649827
2023-01-05,136232.7111366048
2023-01-06,137874.01109122008
2023-01-09,137500.50013975924
2023-01-10,137574.20161050025
2023-01-11,137104.97001072834
2023-01-12,137703.05480643123
2023-01-13,138492.31870732206
2023-01-17,137439.30331549337
2023-01-18,136832.56919169775
2023-01-19,137557.01654698994
2023-01-20,137619.60929542407
2023-01-23,137354.8118364631
2023-01-24,137848.19494844478
2023-01-25,137825.953464675
2023-01-26,137181.29478081086
2023-01-27,136677.08169088778
2023-01-30,136490.7989246412
2023-01-31,136822.68555899142
2023-02-01,137218.2556913128
2023-02-02,135714.00834807975
2023-02-03,133294.27992799177
2023-02-06,133217.63900102698
2023-02-07,133085.67342374215
2023-02-08,133331.16273741046
2023-02-09,132579.14768837777
2023-02-10,132740.90779297464
2023-02-13,132506.8721031781
2023-02-14,132400.6462064891
2023-02-15,131692.43017317477
2023-02-16,131582.69664448034
2023-02-17,131962.81743724222
2023-02-21,131938.45279294963
2023-02-22,131226.95262155926
2023-02-23,131010.21677678567
2023-02-24,129873.587158553
2023-02-27,129728.74536322907
2023-02-28,130373.351760976
2023-03-01,130614.85426683896
2023-03-02,130614.85426683896
2023-03-03,130614.85426683896
2023-03-06,130614.85426683896
2023-03-07,130614.85426683896
2023-03-08,130614.85426683896
2023-03-09,130614.85426683896
2023-03-10,130614.85426683896
2023-03-13,130614.85426683896
2023-03-14,130614.85426683896
2023-03-15,130614.85426683896
2023-03-16,130614.85426683896
2023-03-17,130614.85426683896
2023-03-20,130614.85426683896
2023-03-21,130614.85426683896
2023-03-22,130614.85426683896
2023-03-23,130614.85426683896
2023-03-24,130614.85426683896
2023-03-27,130614.85426683896
2023-03-28,130614.85426683896
2023-03-29,130614.85426683896
2023-03-30,130614.85426683896
2023-03-31,130614.85426683896
2023-04-03,130549.54683970554
2023-04-04,132214.08427941793
2023-04-05,131472.56820635826
2023-04-06,131475.64018254227
2023-04-10,130993.03509300055
2023-04-11,131182.3564243647
2023-04-12,131862.9648718815
2023-04-13,133341.87318675552
2023-04-14,132566.02777944805
2023-04-17,132579.8045225365
2023-04-18,133774.64600988594
2023-04-19,133908.81664311947
2023-04-20,134040.65855036402
2023-04-21,134678.22517129857
2023-04-24,133801.9991346687
2023-04-25,133988.7171063509
2023-04-26,133720.29830634294
2023-04-27,133496.31827393867
2023-04-28,133308.44393206068
2023-05-01,132511.12568077169
2023-05-02,133589.2817281653
2023-05-03,133517.65512317503
2023-05-04,134153.95007504246
2023-05-05,133670.53284267345
2023-05-08,133886.11596728832
2023-05-09,134712.50258652688
2023-05-10,134753.1450154676
2023-05-11,133038.1706602968
2023-05-12,132107.68897274756
2023-05-15,132414.84135173497
2023-05-16,131797.94139647458
2023-05-17,131997.56496231456
2023-05-18,131030.39595684322
2023-05-19,131773.9485860888
2023-05-22,131576.13152153927
2023-05-23,131127.93706942687
2023-05-24,130060.27542852737
2023-05-25,129448.74057065991
2023-05-26,130018.07737948372
2023-05-30,130036.72773340315
2023-05-31,129905.1497691342
2023-06-01,130602.28674601855
2023-06-02,129946.20725995583
2023-06-05,130582.89328531726
2023-06-06,130719.88596613026
2023-06-07,130043.57480957889
2023-06-08,130942.06196886387
2023-06-09,130816.7707778869
2023-06-12,130209.8290727793
2023-06-13,129471.79608519429
2023-06-14,129607.23375944531
2023-06-15,129995.5793071991
2023-06-16,130101.89401260945
2023-06-20,128512.62413308055
2023-06-21,127718.79230732357
2023-06-22,126665.52340332388
2023-06-23,126666.2888059414
2023-06-26,127217.78552715796
2023-06-27,127171.83844001095
2023-06-28,126718.78541716354
2023-06-29,126194.45059175638
2023-06-30,126687.205808217
2023-07-03,126910.77992216645
2023-07-05,126975.74122813999
2023-07-06,126276.5404500974
2023-07-07,126936.67481668839
2023-07-10,127087.43504302425
2023-07-11,127524.69277789796
2023-07-12,129063.10244540012
2023-07-13,130259.45449067117
2023-07-14,130709.32933120374
2023-07-17,130360.24400975424
2023-07-18,131566.82736405884
2023-07-19,132201.6222347393
2023-07-20,131523.49411036787
2023-07-21,131191.6815565543
2023-07-24,131310.46938094767
2023-07-25,131937.20818084656
2023-07-26,132432.5096534806
2023-07-27,130400.04491744789
2023-07-28,130757.55126308852
2023-07-31,131280.4914983364
2023-08-01,130337.36550732114
2023-08-02,128681.75641608615
2023-08-03,129045.93536289438
2023-08-04,128870.14021056844
2023-08-07,127965.66511244808
2023-08-08,126633.61135096369
2023-08-09,126445.24329543776
2023-08-10,126165.8825575316
2023-08-11,125811.4096077237
2023-08-14,125594.8020265591
2023-08-15,124831.65523795201
2023-08-16,124189.71399961851
2023-08-17,124656.47628902471
2023-08-18,125654.64449868536
2023-08-21,125356.4639523261
2023-08-22,124888.76949789845
2023-08-23,124476.78211664295
2023-08-24,124858.75579656458
2023-08-25,125920.89883864214
2023-08-28,126176.79829042283
2023-08-29,126877.63868968545
2023-08-30,127245.01595639292
2023-08-31,128211.5953292647
2023-09-01,129811.82809112153
2023-09-05,130874.98626564108
2023-09-06,131516.76070543157
2023-09-07,130931.62469548141
2023-09-08,131147.92479167983
2023-09-11,131507.6106044583
2023-09-12,132701.31085605585
2023-09-13,132808.93575783624
2023-09-14,134229.90236881044
2023-09-15,134640.0858746741
2023-09-18,134542.01937365567
2023-09-19,134736.8194002113
2023-09-20,133567.56094536427
2023-09-21,133162.5541153594
2023-09-22,133222.27489306763
2023-09-25,132859.67310101635
2023-09-26,133102.41275676357
2023-09-27,134453.8926264964
2023-09-28,133848.8329457382
2023-09-29,132529.08343978375
2023-10-02,131653.56638710242
2023-10-03,131722.9648117119
2023-10-04,128046.41608479166
2023-10-05,126837.86015655685
2023-10-06,127267.44537808184
2023-10-09,129931.317471867
2023-10-10,129496.02765673205
2023-10-11,128358.63198335224
2023-10-12,128665.71437804127
2023-10-13,132033.46470736343
2023-10-16,131506.5493617137
2023-10-17,132029.8144178803
2023-10-18,132951.62125671527
2023-10-19,134508.02218835818
2023-10-20,133661.0432343234
2023-10-23,132275.49459868125
2023-10-24,130662.8159331489
2023-10-25,131811.89614279201
2023-10-26,130638.44797846887
2023-10-27,132192.32614398623
2023-10-30,130149.43745285594
2023-10-31,129395.82205522068
2023-11-01,129019.91474719883
2023-11-02,130399.43054132086
2023-11-03,129452.3743186154
2023-11-06,129181.77567776018
2023-11-07,126426.52990657956
2023-11-08,124627.16396812044
2023-11-09,124831.18542098124
2023-11-10,125747.78424612245
2023-11-13,126915.99119756838
2023-11-14,127044.51435706747
2023-11-15,125806.53531532933
2023-11-16,123465.79396178521
2023-11-17,125824.44848440413
2023-11-20,127095.90239967206
2023-11-21,127757.3724645212
2023-11-22,126828.12369820464
2023-11-24,126422.42299663334
2023-11-27,125963.1095459438
2023-11-28,127570.52639470271
2023-11-29,128684.84699920457
2023-11-30,126498.26433317951
2023-12-01,126192.28540916246
2023-12-04,123474.98095240151
2023-12-05,122437.56947116311
2023-12-06,121785.19512636888
2023-12-07,122242.6120639998
2023-12-08,121289.25567131335
2023-12-11,120206.02157195429
2023-12-12,120104.45007476647
2023-12-13,122537.06710268834
2023-12-14,123670.18390166707
2023-12-15,122909.1599512381
2023-12-18,122763.54613986937
2023-12-19,123695.64441299366
2023-12-20,122934.06750095435
2023-12-21,123758.57644588102
2023-12-22,124189.97371411927
2023-12-26,124585.54296761959
2023-12-27,125850.4571002309
2023-12-28,124946.56648666227
2023-12-29,124934.67159984473
2024-01-02,123980.02200383584
2024-01-03,123466.34791517617
2024-01-04,122888.03462382383
2024-01-05,122723.40297326597
2024-01-08,122124.1750556303
2024-01-09,121029.10413520425
2024-01-10,120930.83910980218
2024-01-11,120826.77153268224
2024-01-12,120320.7511979874
2024-01-16,120005.21535973725
2024-01-17,119064.19310416782
2024-01-18,120232.09055556906
2024-01-19,120392.69734526027
2024-01-22,119642.17218415445
2024-01-23,120638.75823468027
2024-01-24,120960.98145227169
2024-01-25,120707.77481139712
2024-01-26,121368.00210463682
2024-01-29,122325.95887815002
2024-01-30,122461.20087687073
2024-01-31,121918.8275149948
2024-02-01,121760.12544568421
2024-02-02,121187.6252825155
2024-02-05,120560.72809302832
2024-02-06,120972.78061750818
2024-02-07,120650.18478656393
2024-02-08,120670.13122357492
2024-02-09,120426.0213338078
2024-02-12,120531.11664588512
2024-02-13,119778.0750864528
2024-02-14,119530.94267119953
2024-02-15,120169.589968016
2024-02-16,120829.02417210047
2024-02-20,121871.02042394309
2024-02-21,122274.336017453
2024-02-22,122448.94947962012
2024-02-23,122500.96411700798
2024-02-26,122311.84940581872
2024-02-27,122617.70265138657
2024-02-28,122072.8867492288
2024-02-29,122308.70124274952
2024-03-01,123084.4399618171
2024-03-04,122917.27397070326
2024-03-05,121982.05071985384
2024-03-06,122911.90159656091
2024-03-07,123031.41802179004
2024-03-08,122311.26587539595
2024-03-11,123101.20591362787
2024-03-12,123307.89629919177
2024-03-13,124707.57910506986
2024-03-14,125849.99614507238
2024-03-15,126710.3776232322
2024-03-18,128237.55944953913
2024-03-19,128298.78436073127
2024-03-20,127805.01097253776
2024-03-21,127704.3901985729
2024-03-22,127820.79119206376
2024-03-25,129582.69880078541
2024-03-26,128961.77353499146
2024-03-27,129392.99424135458
2024-03-28,130496.04769150083
2024-04-01,131661.9740586833
2024-04-02,132147.5566852185
2024-04-03,132401.28938749168
2024-04-04,133491.52307179032
2024-04-05,134066.43613133894
2024-04-08,133513.9588198713
2024-04-09,132974.08533459148
2024-04-10,134113.7022460629
2024-04-11,133656.663477293
2024-04-12,134064.80102709486
2024-04-15,134487.98090716606
2024-04-16,133227.1288134132
2024-04-17,132657.37517017173
2024-04-18,133421.6306680239
2024-04-19,134878.76350197376
2024-04-22,132393.00362730643
2024-04-23,132729.620772591
2024-04-24,133322.26321344572
2024-04-25,133423.44465689987
2024-04-26,132928.19637935134
2024-04-29,130951.02375708168
2024-04-30,128443.50489049467
2024-05-01,126201.47934531656
2024-05-02,125779.27078565865
2024-05-03,126211.77815986083
2024-05-06,128171.59994286894
2024-05-07,127778.49966310823
2024-05-08,127195.1394199823
2024-05-09,129033.49658887344
2024-05-10,129122.22236454893
2024-05-13,130582.09778907204
2024-05-14,131071.04597666913
2024-05-15,133321.8905919497
2024-05-16,133218.94392648284
2024-05-17,137882.63923766086
2024-05-20,138778.7864349716
2024-05-21,139266.81957101088
2024-05-22,134863.8263695249
2024-05-23,133385.2127838478
2024-05-24,133913.09113852537
2024-05-28,137548.96161293323
2024-05-29,136865.39226897198
2024-05-30,134132.7373349271
2024-05-31,132554.49510781033
2024-06-03,132950.34311397863
2024-06-04,131051.37451084531
2024-06-05,131848.9850501683
2024-06-06,133548.02077803694
2024-06-07,129261.45446117649
2024-06-10,130728.64391372775
2024-06-11,129694.86678880911
2024-06-12,130484.72133244683
2024-06-13,129474.85338872968
2024-06-14,129908.70292433274
2024-06-17,129602.91416210028
2024-06-18,129960.18955826102
2024-06-20,131781.6034861044
2024-06-21,129863.81112287553
2024-06-24,129837.49852803643
2024-06-25,128767.33200690194
2024-06-26,128987.64576555316
2024-06-27,128765.16107761185
2024-06-28,129348.5213933806
2024-07-01,129797.679806476
2024-07-02,130533.45759806594
2024-07-03,131966.3351522204
2024-07-05,133638.31513290724
2024-07-08,132290.07525018108
2024-07-09,131618.10938390702
2024-07-10,132015.90285940524
2024-07-11,132624.10498302695
2024-07-12,131951.3764916465
2024-07-15,131640.72357203782
2024-07-16,131866.3799008795
2024-07-17,130526.73789041136
2024-07-18,128743.27897825855
2024-07-19,127902.21333063724
2024-07-22,127080.19586655199
2024-07-23,126708.2785607078
2024-07-24,126185.26076797879
2024-07-25,124892.76507760266
2024-07-26,125006.19979362428
2024-07-29,125085.77850961659
2024-07-30,125676.41798003872
2024-07-31,127349.61276620088
2024-08-01,126158.20390771289
2024-08-02,125957.33814376427
2024-08-05,123781.90289062477
2024-08-06,123520.56343590129
2024-08-07,123247.56702642287
2024-08-08,124532.60617165182
2024-08-09,124340.1258649584
2024-08-12,125552.05291461803
2024-08-13,125382.68338419114
2024-08-14,124670.67651991904
2024-08-15,125987.97374415342
2024-08-16,126814.26869809505
2024-08-19,126470.80140338956
2024-08-20,126610.76919354682
2024-08-21,125942.84564597749
2024-08-22,126015.85226394451
2024-08-23,127773.66269565697
2024-08-26,129503.14523783067
2024-08-27,129017.197618181
2024-08-28,128094.92344185953
2024-08-29,128858.18041991392
2024-08-30,127374.62466765603
2024-09-03,125156.52870817759
2024-09-04,125179.35449931983
2024-09-05,125492.26434068581
2024-09-06,125213.57248505668
2024-09-09,125371.56231585187
2024-09-10,125537.20689204229
2024-09-11,125477.30470665361
2024-09-12,126138.59336063717
2024-09-13,126514.87805229823
2024-09-16,126511.69943527374
2024-09-17,126301.78193679292
2024-09-18,126009.62828071791
2024-09-19,126597.11379520857
2024-09-20,127079.8536588783
2024-09-23,127153.82964534404
2024-09-24,127686.69600200145
2024-09-25,127633.76599498292
2024-09-26,127828.54344617038
2024-09-27,127524.2157388212
2024-09-30,127218.18156038229
2024-10-01,127522.5393954181
2024-10-02,128579.78657855123
2024-10-03,127678.36677304987
2024-10-04,127912.43265026767
2024-10-07,127244.74741483838
2024-10-08,125732.81423835414
2024-10-09,125055.30112043042
2024-10-10,126345.93196220756
2024-10-11,127735.99633546513
2024-10-14,126634.9632349385
2024-10-15,126404.3913551064
2024-10-16,126591.06473799338
2024-10-17,126372.04384524406
2024-10-18,128124.72581987525
2024-10-21,127853.15819352437
2024-10-22,129020.72032440905
2024-10-23,127543.28703230663
2024-10-24,127661.45585690084
2024-10-25,127632.75414238898
2024-10-28,128077.38884878934
2024-10-29,129125.28371991483
2024-10-30,128936.74028831992
2024-10-31,127707.39109336608
2024-11-01,127104.69540618919
2024-11-04,127631.66181011882
2024-11-05,128470.42765425483
2024-11-06,124945.74011169469
2024-11-07,127675.89145723233
2024-11-08,125542.7380403918
2024-11-11,123891.64862868525
2024-11-12,122588.12964303742
2024-11-13,121329.98824272939
2024-11-14,121363.65612070917
2024-11-15,121556.4490326144
2024-11-18,123184.34013850235
2024-11-19,123991.36336369817
2024-11-20,123542.84903565326
2024-11-21,123770.03261318558
2024-11-22,124000.8890656816
2024-11-25,122858.14440073313
2024-11-26,122539.52296623324
2024-11-27,122670.21933799365
2024-11-29,123395.25654548958
2024-12-02,123048.4621814007
2024-12-03,123398.5133431776
2024-12-04,123987.66327748043
2024-12-05,124493.6335880621
2024-12-06,124329.80532724388
2024-12-09,125551.8843937965
2024-12-10,126619.53413457477
2024-12-11,126704.559714891
2024-12-12,125269.48032637364
2024-12-13,124718.5225312678
2024-12-16,124746.43399851446
2024-12-17,124307.33586889518
2024-12-18,122637.78539700563
2024-12-19,121812.10989774892
2024-12-20,123016.32964106246
2024-12-23,122821.376323612
2024-12-24,123358.2895848934
2024-12-26,123429.51399993565
2024-12-27,122160.56588889218
2024-12-30,122271.35382318967
2024-12-31,122703.4430019771
2025-01-02,123344.55553120647
2025-01-03,120733.23180653279
2025-01-06,123315.3177695071
2025-01-07,121690.20659366212
2025-01-08,123566.35789276633
2025-01-10,126000.45355360393
2025-01-13,125738.01887117742
2025-01-14,126169.73688683592
2025-01-15,127427.38710820877
2025-01-16,128414.43701189398
2025-01-17,126276.38658740686
2025-01-21,126116.76897393525
2025-01-22,127836.10119518614
2025-01-23,127397.7096000677
2025-01-24,127475.17663680176
2025-01-27,125641.02261735222
2025-01-28,124737.00082362632
2025-01-29,125781.87486747737
2025-01-30,124979.05826627875
2025-01-31,124999.5541015565
2025-02-03,127564.00199978528
2025-02-04,128525.40145589094
2025-02-05,129774.99562958819
2025-02-06,129634.60434185229
2025-02-07,129880.56531359164
2025-02-10,131905.3902530976
2025-02-11,131195.73610441355
2025-02-12,132358.3973174923
2025-02-13,133788.2327565456
2025-02-14,132496.89890125673
2025-02-18,133928.06434439248
2025-02-19,134210.11045575197
2025-02-20,133868.75448876838
2025-02-21,132697.23747753433
2025-02-24,131535.98218751268
2025-02-25,130789.40852860587
2025-02-26,131043.18565567712
2025-02-27,129629.81992304848
2025-02-28,128408.95631939745
2025-03-03,129302.50536267603
2025-03-04,130302.06529393299
2025-03-05,132924.33449658286
2025-03-06,132115.1756530333
2025-03-07,132095.5005356747
2025-03-10,131383.25624508449
2025-03-11,133130.1232488456
2025-03-12,133224.01898459674
2025-03-13,134799.49092278542
2025-03-14,134396.86261361738
2025-03-17,135623.57280613153
2025-03-18,136380.2924231482
2025-03-19,137362.82131632356
2025-03-20,136792.5405021192
2025-03-21,135672.39427194057
2025-03-24,135254.1121324104
2025-03-25,136676.102831184
2025-03-26,136312.0573869394
2025-03-27,136693.59286983658
2025-03-28,137096.49137286042
2025-03-31,137243.68900653825
2025-04-01,137232.80659703418
2025-04-02,137973.96069008505
2025-04-03,132620.4174271976
2025-04-04,125545.87736771554
2025-04-07,122014.14929560776
2025-04-08,118918.32222281472
2025-04-09,125941.21398857157
2025-04-10,124456.1337311404
2025-04-11,127091.1616577976
2025-04-14,127362.39112158466
2025-04-15,126993.36334805992
2025-04-16,129263.123444354
2025-04-17,129391.79115559385
2025-04-21,129645.17093750325
2025-04-22,129858.12565015556
2025-04-23,129145.99377086638
2025-04-24,129798.19081311552
2025-04-25,129739.87830312824
2025-04-28,130783.35331230638
2025-04-29,130227.48654929211
2025-04-30,128509.41161949137
2025-05-01,128446.30883002492
2025-05-02,129775.1173705008
2025-05-05,130270.59080003068
2025-05-06,131028.25499052793
2025-05-07,130600.91419697374
2025-05-08,129900.37217605805
2025-05-09,131215.40388353376
2025-05-12,129906.99676875271
2025-05-13,130658.28009997624
2025-05-14,128991.9726425661
2025-05-15,129295.66235167113
2025-05-16,128342.90304854105
2025-05-19,128374.98245694139
2025-05-20,130285.3816293412
2025-05-21,130434.00929290066
2025-05-22,129697.26573920903
2025-05-23,131053.91217745485
2025-05-27,130131.43349016458
2025-05-28,128668.37020668828
2025-05-29,128497.19429242171
2025-05-30,128347.64092222364
2025-06-02,130705.04543136396
2025-06-03,130665.80618314193
2025-06-04,131285.75349677706
2025-06-05,132790.3326861152
2025-06-06,132807.3428440322
2025-06-09,134441.2820120642
2025-06-10,134402.08485357676
2025-06-11,134582.5181706799
2025-06-12,135696.66562753747
2025-06-13,134449.5336615105
2025-06-16,134844.90337597494
2025-06-17,135372.4385774675
2025-06-18,136309.4042713846
2025-06-20,134998.01674240886
2025-06-23,135908.0933421213
2025-06-24,135830.70500494665
2025-06-25,137019.37840620274
2025-06-26,138669.46944205125
2025-06-27,136643.70776509805
2025-06-30,137143.35915329712
2025-07-01,137354.4510880126
2025-07-02,139241.7512597096
2025-07-03,138322.53460360857
2025-07-07,137703.76127353837
2025-07-08,139401.07213588094
2025-07-09,139452.64484600522
2025-07-10,140505.81238736512
2025-07-11,141883.2338348572
2025-07-14,140846.76345169885
2025-07-15,140545.72428705075
2025-07-16,141332.89930128015
2025-07-17,141947.40765801456
2025-07-18,141954.10626152647
2025-07-21,143118.0534351668
2025-07-22,143975.30446968594
2025-07-23,143788.93816479415
2025-07-24,143502.97641460298
2025-07-25,142467.39434271905
2025-07-28,141299.28236740048
2025-07-29,141756.04138348115
2025-07-30,134555.74445505984
2025-07-31,133780.36382601847
2025-08-01,134728.45701869114
2025-08-04,135487.7178109769
2025-08-05,135466.5082828914
2025-08-06,136259.32690852488
2025-08-07,136940.1673256448
2025-08-08,136988.28082839577
2025-08-11,135891.87090065228
2025-08-12,136588.0946600092
2025-08-13,136782.61754513308
2025-08-14,136844.47223709096
2025-08-15,136211.45877234795
2025-08-18,135861.21785931467
2025-08-19,135078.83669552227
2025-08-20,136272.00088974432
2025-08-21,136640.7233262729
2025-08-22,138092.96452145104
2025-08-25,137683.73233121535
2025-08-26,137997.64014794002
2025-08-27,137841.16103659134
2025-08-28,138466.70428954452
2025-08-29,139801.26997712918
2025-09-02,141221.81680886858
2025-09-03,141587.54515268336
2025-09-04,140493.1508020357
2025-09-05,141052.3076574729
2025-09-08,142003.88287173136
2025-09-09,141423.27877329467
2025-09-10,141914.37194996263
2025-09-11,142933.94497646418
2025-09-12,143879.76640512497
2025-09-15,145412.55823627356
2025-09-16,145000.72789615998
2025-09-17,142637.95400543968
2025-09-18,142646.79076518823
2025-09-19,143629.6062384821
2025-09-22,144488.80230771308
2025-09-23,144931.53841276927
2025-09-24,145206.52866520677
2025-09-25,146571.63879119736
2025-09-26,147388.2539877164
2025-09-29,149021.04679006748
2025-09-30,148714.74703507355
2025-10-01,149226.45327946095
2025-10-02,148948.52837508154
2025-10-03,150450.89562485134
2025-10-06,151657.54240560462
2025-10-07,151298.6694916935
2025-10-08,153100.7917759508
2025-10-09,151850.97709586893
2025-10-10,151512.64195415968
2025-10-13,154307.58594952783
2025-10-14,154494.81721368222
2025-10-15,156029.13537966443
2025-10-16,158119.17007888478
2025-10-17,154970.7665418933
2025-10-20,157697.37941844537
2025-10-21,152039.25137936397
2025-10-22,153428.81230155643
2025-10-23,153828.39338598546
2025-10-24,152905.4352954127
2025-10-27,150438.78632012813
2025-10-28,150190.7719170543
2025-10-29,150748.61881507363
2025-10-30,151870.3827613529
2025-10-31,151302.58813029932
2025-11-03,151821.45223397465
2025-11-04,149300.65428630187
2025-11-05,150600.975814943
2025-11-06,150011.1661029872
2025-11-07,150516.0469651815
2025-11-10,153763.45844631936
2025-11-11,153919.35215020756
2025-11-12,155831.76249108766
2025-11-13,154200.41133650613
2025-11-14,152564.43561458148
2025-11-17,151062.1078023017
2025-11-18,151279.80096236084
2025-11-19,152265.8426097129
2025-11-20,150827.63598853422
2025-11-21,151084.68598144883
2025-11-24,152691.7175924246
2025-11-25,152967.38296466196
2025-11-26,155557.9179907325
2025-11-28,158986.1359749751
2025-12-01,159556.56389160635
2025-12-02,159053.29590252426
2025-12-03,160580.73127714446
2025-12-04,159782.25497942092
2025-12-05,160868.29402783618
2025-12-08,160708.0106657928
2025-12-09,161089.13362404358
2025-12-10,161667.45139865228
2025-12-11,163840.3528665514
2025-12-12,162875.23048176282
2025-12-15,164336.03134253234
2025-12-16,164401.34916042347
2025-12-17,166563.219181413
2025-12-18,166687.8517678335
2025-12-19,168393.1843736041
2025-12-22,171068.67329614944
2025-12-23,174572.7771444728
2025-12-24,174339.89023452383
2025-12-26,180134.46887377804
2025-12-29,172754.0080599007
2025-12-30,176078.67639099635
2025-12-31,173028.29102866852
2026-01-02,174517.69437939176
2026-01-05,179023.6415167197
2026-01-06,182253.88015417737
2026-01-07,178878.43434024797
2026-01-08,178125.84408603946
2026-01-09,179919.1125650817
2026-01-12,182664.79709163887
2026-01-13,182762.07769284787
2026-01-14,185584.65037440436
2026-01-15,184326.37036033193
2026-01-16,181899.04939498688
2026-01-20,184479.8633503736
2026-01-21,184773.72191386655
2026-01-22,186847.386617464
2026-01-23,190101.4537361167
2026-01-26,191146.09531142138
2026-01-27,191945.2928959084
2026-01-28,194634.37711705486
2026-01-29,196549.5268132124
2026-01-30,183172.60681036438
2026-02-02,180372.57427083832
2026-02-03,184045.5776881852
2026-02-04,183115.03724789922
2026-02-05,179398.399387732
2026-02-06,182055.7714781049
2026-02-09,183983.01265936607
2026-02-10,182778.49667699516
2026-02-11,184105.10120377422
2026-02-12,180571.7019712163
2026-02-13,181621.33971526462
2026-02-17,179627.47370611006
2026-02-18,181672.84973233324
2026-02-19,181680.92191347975
2026-02-20,183734.35512819752
2026-02-23,184358.94521844026
2026-02-24,184625.59627591702
2026-02-25,185693.50447708633
2026-02-26,185727.94646984147
2026-02-27,186894.01891325176
2026-03-02,186237.4648116204
2026-03-03,183504.8650538259
2026-03-04,184410.73974836114
2026-03-05,183460.69455775258
2026-03-06,184339.55196871463
2026-03-09,184855.31795872247
2026-03-10,185446.8191632989
2026-03-11,185256.30384362614
2026-03-12,184328.38426145606
2026-03-13,182308.26657646967
2026-03-16,183436.1836481159
2026-03-17,182809.00239379407
2026-03-18,180328.5997492756
2026-03-19,178820.25249443648
2026-03-20,176438.9143197228
2026-03-23,176999.75205581993
2026-03-24,176970.28516445786
2026-03-25,178340.50034205796
2026-03-26,176354.87186506976
2026-03-27,177585.02410561233
2026-03-30,178178.05423558233
2026-03-31,180167.5768380872
2026-04-01,180579.29289766782
2026-04-02,183128.801685064
2026-04-06,183311.7629789017
2026-04-07,182911.28445935686
2026-04-08,180339.07990316552
2026-04-09,181420.38129300767
2026-04-10,180457.27591483467
2026-04-13,181507.63240962787
2026-04-14,181406.72388755024
2026-04-15,181040.3569021413
