,return
2015-12-16,0.0
2015-12-17,0.0
2015-12-18,0.0
2015-12-21,0.0
2015-12-22,0.0
2015-12-23,0.0
2015-12-24,0.0
2015-12-28,0.0
2015-12-29,0.0
2015-12-30,0.0
2015-12-31,0.0
2016-01-04,0.0
2016-01-05,0.0
2016-01-06,0.0
2016-01-07,0.0
2016-01-08,0.0
2016-01-11,0.0
2016-01-12,0.0
2016-01-13,0.0
2016-01-14,0.0
2016-01-15,0.0
2016-01-19,0.0
2016-01-20,0.0
2016-01-21,0.0
2016-01-22,0.0
2016-01-25,0.0
2016-01-26,0.0
2016-01-27,0.0
2016-01-28,0.0
2016-01-29,0.0
2016-02-01,0.0
2016-02-02,0.0
2016-02-03,0.0
2016-02-04,0.0
2016-02-05,0.0
2016-02-08,0.0
2016-02-09,0.0
2016-02-10,0.0
2016-02-11,0.0
2016-02-12,0.0
2016-02-16,0.0
2016-02-17,0.0
2016-02-18,0.0
2016-02-19,0.0
2016-02-22,0.0
2016-02-23,0.0
2016-02-24,0.0
2016-02-25,0.0
2016-02-26,0.0
2016-02-29,0.0
2016-03-01,-0.00024999999999997247
2016-03-02,0.0019317391696702657
2016-03-03,0.004318341435975759
2016-03-04,-0.0003934449517998262
2016-03-07,0.001244397024979138
2016-03-08,-0.001155682601566843
2016-03-09,-0.002073312292284357
2016-03-10,0.0040140452825421225
2016-03-11,-0.004300403987429258
2016-03-14,-0.0032241873969892643
2016-03-15,0.000190880495023249
2016-03-16,0.005573917586110255
2016-03-17,-0.0009536427117547985
2016-03-18,-0.0006867439632167738
2016-03-21,-0.001752929770215128
2016-03-22,0.0007355381573947994
2016-03-23,-0.00565752452328272
2016-03-24,-0.0006002889499858721
2016-03-28,0.0005802386289361916
2016-03-29,0.004631225751235313
2016-03-30,-0.0034944502194542704
2016-03-31,0.0011528627723396134
2016-04-01,-0.001508838592647943
2016-04-04,-0.0016676618003531596
2016-04-05,0.0032501121747596784
2016-04-06,-0.0015298342646045127
2016-04-07,0.0035702029546778036
2016-04-08,-0.00037939529603225886
2016-04-11,0.003377519357422365
2016-04-12,4.1665151762959596e-05
2016-04-13,-0.00266556929644457
2016-04-14,-0.003494140101947485
2016-04-15,0.0017291383194693033
2016-04-18,-0.00038161530692604195
2016-04-19,0.003906922033016569
2016-04-20,-0.0012752981288907117
2016-04-21,0.0009456101194103006
2016-04-22,-0.003202978568824788
2016-04-25,0.0007210195288944732
2016-04-26,0.0009938120146408824
2016-04-27,0.0007160993597863374
2016-04-28,0.0047253023830129415
2016-04-29,0.004864375860618608
2016-05-02,-0.0010787528429753168
2016-05-03,-0.0011337711580469145
2016-05-04,-0.0019123199394832646
2016-05-05,1.17809889368381e-05
2016-05-06,0.002863246003508735
2016-05-09,-0.00896112133597915
2016-05-10,0.0022156308807310676
2016-05-11,0.004658846730430266
2016-05-12,-0.004968691591227148
2016-05-13,0.0014417612539010527
2016-05-16,0.0005593764206806018
2016-05-17,0.0015685208135809425
2016-05-18,-0.007407845995041851
2016-05-19,-0.003944505329820602
2016-05-20,-1.0240532992922269e-05
2016-05-23,-0.0016123828999924372
2016-05-24,-0.004942956936394682
2016-05-25,0.00043050304557556984
2016-05-26,-0.00025968849061097643
2016-05-27,-0.003018654019834588
2016-05-31,-0.0016082457766526392
2016-06-01,-0.0006612397379531787
2016-06-02,-0.0005822068888549081
2016-06-03,0.006937838539134766
2016-06-06,8.412036602356565e-05
2016-06-07,-0.0002102221570401408
2016-06-08,0.0037030847937022937
2016-06-09,0.0013891154394825023
2016-06-10,0.001010304873751533
2016-06-13,0.001848204250188168
2016-06-14,0.00026499766402676705
2016-06-15,0.0018530660727211767
2016-06-16,-0.002627755191926817
2016-06-17,0.0032072228510782175
2016-06-20,-0.0014925330415267446
2016-06-21,-0.00480886852567286
2016-06-22,0.00012414181936182267
2016-06-23,-0.0016335833448236636
2016-06-24,0.01225959403821042
2016-06-27,0.0013492069547138552
2016-06-28,-0.0026839292056269892
2016-06-29,0.0010373377041428267
2016-06-30,0.0012515990566324131
2016-07-01,0.0035839476201380283
2016-07-05,0.0036857813684787466
2016-07-06,0.002133693152243765
2016-07-07,-0.004231747574066191
2016-07-08,0.005822281267807483
2016-07-11,-0.0009207799772008585
2016-07-12,-0.004800714912461923
2016-07-13,0.004360434695756421
2016-07-14,-0.0026136801260295828
2016-07-15,-0.002218909727927487
2016-07-18,0.0004593868679723112
2016-07-19,-0.0014150417352736255
2016-07-20,-0.007128469292110973
2016-07-21,0.007035929205255531
2016-07-22,-0.0032524722485742785
2016-07-25,-0.002437357309225896
2016-07-26,0.0018718947672451414
2016-07-27,0.009478080186577253
2016-07-28,-0.0019512842950091258
2016-07-29,0.0030848723233265485
2016-08-01,0.0005653124285680544
2016-08-02,0.0037491438648227238
2016-08-03,-0.0012960695352971507
2016-08-04,-0.0028346040190878607
2016-08-05,-0.005878484190678823
2016-08-08,0.0007880756497276042
2016-08-09,0.0006879713433407542
2016-08-10,0.005801877211631945
2016-08-11,-0.005281588699468709
2016-08-12,-0.006689494904345561
2016-08-15,0.002826398246237982
2016-08-16,0.0023878853629124563
2016-08-17,-0.0006194716331309191
2016-08-18,0.0031698207156785063
2016-08-19,-0.0058350697727643785
2016-08-22,-0.005578196791605872
2016-08-23,0.00015750937477299054
2016-08-24,-0.009496820364774838
2016-08-25,2.7355605245915626e-05
2016-08-26,0.0015668984767105432
2016-08-29,0.0016294546724870962
2016-08-30,-0.006710028324793393
2016-08-31,-0.0007908506997973408
2016-09-01,0.0034827659537739475
2016-09-02,0.005943389272739186
2016-09-06,0.007439330803925781
2016-09-07,-0.002535196845026455
2016-09-08,-0.0025109774811178376
2016-09-09,-0.008562433304383776
2016-09-12,-0.0013262625003899187
2016-09-13,-0.00689318290807539
2016-09-14,0.006070843637948853
2016-09-15,-0.0034387555683059734
2016-09-16,-0.0038257469963031143
2016-09-19,0.004989910975369938
2016-09-20,0.003128862987901382
2016-09-21,0.008340056647196725
2016-09-22,0.0035474569013993484
2016-09-23,-0.0012867001961471836
2016-09-26,-0.0025032274270411214
2016-09-27,-0.0035719405103347146
2016-09-28,0.0035759269917694514
2016-09-29,-0.0005857336938347446
2016-09-30,0.00218688919211929
2016-10-03,-0.0035514226055093356
2016-10-04,-0.014996747893489148
2016-10-05,-0.0036368139459924675
2016-10-06,-0.005892813927910967
2016-10-07,0.0013106685190307221
2016-10-10,0.00236745741001565
2016-10-11,-0.007480323598814453
2016-10-12,0.00038637999723811767
2016-10-13,-0.002371023465711053
2016-10-14,-0.002022591288680098
2016-10-17,0.0009221189501249505
2016-10-18,0.0022635676529336735
2016-10-19,0.0018033762896794148
2016-10-20,-0.00538278525486513
2016-10-21,-0.00047738846990463824
2016-10-24,0.004187222115725753
2016-10-25,0.009584643315839525
2016-10-26,-0.00195950141219825
2016-10-27,0.0027687438342074433
2016-10-28,0.006402383816932478
2016-10-31,0.005268200392889
2016-11-01,0.005133843164562224
2016-11-02,-0.00014606976355413526
2016-11-03,0.0034040300131916723
2016-11-04,-0.001028577392644059
2016-11-07,-0.0015474197602239892
2016-11-08,0.002788147595102375
2016-11-09,0.004982777434535457
2016-11-10,0.0018396543458296666
2016-11-11,-0.01786863129586147
2016-11-14,-0.0021314395899211247
2016-11-15,0.003436264981798942
2016-11-16,-0.007845687477867291
2016-11-17,-0.002775955025152932
2016-11-18,-0.0022481026803112814
2016-11-21,0.00339074707985354
2016-11-22,0.004309140488371721
2016-11-23,-0.0005239858826664445
2016-11-25,0.007271166648274319
2016-11-28,-0.0007731405037824102
2016-11-29,-0.005912403971010338
2016-11-30,-0.0025508850065059097
2016-12-01,3.9265654701026165e-06
2016-12-02,-0.0047282656727964945
2016-12-05,0.014366103745059977
2016-12-06,0.00038355985222349176
2016-12-07,-0.009511877511155564
2016-12-08,0.006597840487289952
2016-12-09,0.006393266382681118
2016-12-12,-0.010986535437552347
2016-12-13,-0.002552588860973093
2016-12-14,0.0009873538351814481
2016-12-15,-0.006704082228858876
2016-12-16,-0.004750022876145565
2016-12-19,-0.009286473406579399
2016-12-20,-0.0005589196377169259
2016-12-21,0.011350925883234941
2016-12-22,-0.0002155537861907586
2016-12-23,0.004034471728867173
2016-12-27,0.008421336836084814
2016-12-28,0.003932603003413471
2016-12-29,-0.006046366754409949
2016-12-30,-7.328807595119446e-05
2017-01-03,-0.024932059503241177
2017-01-04,0.009048601714797266
2017-01-05,0.001764581085525796
2017-01-06,-0.0002253050414686708
2017-01-09,-0.010298815775799941
2017-01-10,0.006038276362185568
2017-01-11,0.006077955744941299
2017-01-12,0.014990199594134168
2017-01-13,0.0035587785937147842
2017-01-17,-0.009405587394856085
2017-01-18,-0.005887693929999882
2017-01-19,-0.001476180795523474
2017-01-20,0.005324157178468791
2017-01-23,0.0038690893248263247
2017-01-24,0.007981927044286241
2017-01-25,-0.001270329652747093
2017-01-26,0.0005716103226987013
2017-01-27,-0.001789989889755761
2017-01-30,-0.007449665028813057
2017-01-31,0.005617199857809174
2017-02-01,0.002580844814088268
2017-02-02,-0.0012518290718680491
2017-02-03,-0.005118614669822996
2017-02-06,-0.004296258804548758
2017-02-07,-0.00467488047108533
2017-02-08,0.00562803172650117
2017-02-09,0.00034962605042387906
2017-02-10,0.01879709179419531
2017-02-13,-0.0051026089426573495
2017-02-14,-0.00210051513336873
2017-02-15,0.0019079055890758312
2017-02-16,-0.0025862968911662954
2017-02-17,-0.0032627210250628647
2017-02-21,0.008648470507419681
2017-02-22,-0.005783016698969412
2017-02-23,-0.00552691358332702
2017-02-24,0.002764219045557903
2017-02-27,0.00035993971129788527
2017-02-28,0.0018216948567508773
2017-03-01,0.002166179396023038
2017-03-02,-0.013255330327487491
2017-03-03,0.0060424993564345275
2017-03-06,-0.0054289653109060865
2017-03-07,-0.005072119297199862
2017-03-08,-0.01993871624913357
2017-03-09,-0.004984106572502145
2017-03-10,-0.006051775029087159
2017-03-13,0.003322028869933602
2017-03-14,-0.001997617064514845
2017-03-15,0.010640344824094372
2017-03-16,-0.00015096992672358756
2017-03-17,0.002967935791373888
2017-03-20,-0.005128069683983383
2017-03-21,-0.00951994928163391
2017-03-22,0.003434385715210153
2017-03-23,-0.00295593999249788
2017-03-24,0.002077205210915256
2017-03-27,-0.003643391599460255
2017-03-28,0.008104544920767731
2017-03-29,0.00873180380459937
2017-03-30,0.005895162058884518
2017-03-31,-0.00045436471187731975
2017-04-03,-0.009214197106861
2017-04-04,0.002434281534851923
2017-04-05,0.006568081152090954
2017-04-06,-0.003410541924859123
2017-04-07,-0.0018669602245098282
2017-04-10,-0.005683108757409738
2017-04-11,-0.0005650510594427116
2017-04-12,-0.005634907219114416
2017-04-13,0.0023821779868942183
2017-04-17,0.003182531283555612
2017-04-18,-0.008720147781415721
2017-04-19,-0.0022515361992793137
2017-04-20,0.0033090059630864754
2017-04-21,-0.0014480092104451892
2017-04-24,-7.425594845922312e-05
2017-04-25,-0.0008190005982043891
2017-04-26,0.00037480094387465357
2017-04-27,-0.005851424580367803
2017-04-28,0.000961240685084741
2017-05-01,0.001088556388259887
2017-05-02,-0.0025900723912979373
2017-05-03,-0.012394113609609403
2017-05-04,-0.0007301163872607264
2017-05-05,0.0021757468261613955
2017-05-08,-0.005629440445492295
2017-05-09,0.0008909598329824853
2017-05-10,0.0008432406819414151
2017-05-11,0.000854990736230743
2017-05-12,0.0008680501377977823
2017-05-15,0.001901394561628189
2017-05-16,0.0023571577474021943
2017-05-17,-0.0010450737066259874
2017-05-18,-0.0020638003735437005
2017-05-19,0.008641115701582436
2017-05-22,0.0003175482792399098
2017-05-23,3.392537604884893e-05
2017-05-24,-0.0005552684190839319
2017-05-25,0.0006246425139513345
2017-05-26,-0.0025071780540188993
2017-05-30,-0.0015132668719428644
2017-05-31,0.0012491229467792575
2017-06-01,-0.0003346621336786093
2017-06-02,0.0007319664635967449
2017-06-05,-0.003101514877266176
2017-06-06,0.0018439655568560642
2017-06-07,-0.0016444986012383866
2017-06-08,0.000965767966654596
2017-06-09,0.0004519732364030027
2017-06-12,-0.003712993435521228
2017-06-13,-7.313643424333716e-05
2017-06-14,-0.002660697822216007
2017-06-15,-0.00023206187217106322
2017-06-16,0.00020360632440086235
2017-06-19,0.0008409515048544147
2017-06-20,-0.0014868266482099823
2017-06-21,0.003286616654014418
2017-06-22,0.0021144033676252505
2017-06-23,0.0021783594913744597
2017-06-26,-0.0016104722769820778
2017-06-27,0.003932290175568509
2017-06-28,0.0008097041013113149
2017-06-29,0.00017280667989227894
2017-06-30,0.0013661037224308448
2017-07-03,-0.003920133867923781
2017-07-05,-0.0024300650970464632
2017-07-06,-0.00043370292413469347
2017-07-07,0.00028420125834527354
2017-07-10,-0.0025649895315628113
2017-07-11,0.0017456363294190425
2017-07-12,-0.00035547223722010024
2017-07-13,-0.0016675529428479274
2017-07-14,0.0018246043095480058
2017-07-17,0.006103761404806951
2017-07-18,-0.00047624747069929807
2017-07-19,0.0018450514507202254
2017-07-20,-0.0009083788417446614
2017-07-21,-0.0010212148757414719
2017-07-24,-0.002391665868709314
2017-07-25,0.007075916439045038
2017-07-26,0.005152680441850244
2017-07-27,0.0018835018171643458
2017-07-28,0.000179710414748957
2017-07-31,0.0009733051165041751
2017-08-01,-0.005709811372578089
2017-08-02,0.0012228436180803381
2017-08-03,-0.0005122277186910829
2017-08-04,-0.0012585595688021645
2017-08-07,0.004485445699475843
2017-08-08,0.005673427994788094
2017-08-09,0.0016985016826058796
2017-08-10,0.0006236683382108144
2017-08-11,0.0016463590436339715
2017-08-14,-0.0021515402221620183
2017-08-15,-0.0021391153470350366
2017-08-16,0.013424795377562582
2017-08-17,-0.007073923970976059
2017-08-18,0.004448517122879192
2017-08-21,0.00516684192161998
2017-08-22,-0.0008645631372464768
2017-08-23,0.001244168223759834
2017-08-24,0.0033687275874279
2017-08-25,-0.0007137736762712343
2017-08-28,0.007388228613075309
2017-08-29,0.0010056345121478572
2017-08-30,-0.0021068878705253757
2017-08-31,0.005445675154485796
2017-09-01,0.0031642449980553433
2017-09-05,-0.0004837102982410135
2017-09-06,0.000913409019421163
2017-09-07,0.004092004772204838
2017-09-08,-0.011610295390105607
2017-09-11,-0.001250242859414552
2017-09-12,-0.002495022682542647
2017-09-13,-0.00895519433394909
2017-09-14,-0.0011307089866943176
2017-09-15,-0.0031038354855037475
2017-09-18,-0.0003526811707726951
2017-09-19,-0.0001921337107751997
2017-09-20,-0.0021180411549234224
2017-09-21,-0.006822795816895821
2017-09-22,0.0013743247281063908
2017-09-25,0.0035229056305650097
2017-09-26,-0.006444327841923836
2017-09-27,-0.001998130207322535
2017-09-28,0.0026676889011700844
2017-09-29,-0.0022463353351759308
2017-10-02,-0.0005378697836593282
2017-10-03,0.001804362829729289
2017-10-04,0.00035564668534560084
2017-10-05,0.011615209125607873
2017-10-06,-0.00735523522056547
2017-10-09,0.003599404931328376
2017-10-10,0.007507672060901305
2017-10-11,0.002594635153896796
2017-10-12,0.0007332199041645282
2017-10-13,0.00527022524633014
2017-10-16,0.008409481660101914
2017-10-17,-0.005137908236583555
2017-10-18,-0.0021533537008878723
2017-10-19,-0.0018580249727569997
2017-10-20,-0.00011105935812949497
2017-10-23,0.0011700355640045235
2017-10-24,0.005866960080036954
2017-10-25,-0.0002059124684803404
2017-10-26,0.002229222529756658
2017-10-27,-0.0009582832035937017
2017-10-30,0.002783203987094529
2017-10-31,0.0005337788636117224
2017-11-01,0.0014135321986792349
2017-11-02,0.002774550110933971
2017-11-03,0.003735324395080619
2017-11-06,0.015595423753684168
2017-11-07,-0.010644074851122398
2017-11-08,-0.00036388853096080975
2017-11-09,0.001834841819568389
2017-11-10,-0.003744105344973714
2017-11-13,0.0025307839612391803
2017-11-14,-0.012937935555857538
2017-11-15,-0.0006898209800032529
2017-11-16,-0.0015026681573002687
2017-11-17,0.012705520561514083
2017-11-20,-0.005367687872447902
2017-11-21,0.007355253623188451
2017-11-22,0.007941344625547853
2017-11-24,0.006313129923933847
2017-11-27,-0.005760551497497546
2017-11-28,-0.0056873407935016385
2017-11-29,-0.008176940196641058
2017-11-30,-0.0017039368439660807
2017-12-01,0.010182738787012147
2017-12-04,-0.008668127805295689
2017-12-05,-0.008658833459692317
2017-12-06,-0.010343742330201855
2017-12-07,0.0038099555620805248
2017-12-08,0.008037556736285811
2017-12-11,0.008189047881319578
2017-12-12,-0.004213366720122402
2017-12-13,-0.0013201948643430939
2017-12-14,0.005408768528133212
2017-12-15,0.005612800703808318
2017-12-18,0.0009005390045577766
2017-12-19,0.003288560335191315
2017-12-20,0.00839543065389381
2017-12-21,0.0033783601322592283
2017-12-22,0.004238689496909531
2017-12-26,0.010619743797394054
2017-12-27,0.0011309090250326559
2017-12-28,0.004989412791629455
2017-12-29,0.00045991063606187765
2018-01-02,-0.00016596501983312528
2018-01-03,0.0033533820953413063
2018-01-04,0.0029026531744134054
2018-01-05,-0.004824559345476986
2018-01-08,0.001083443121897787
2018-01-09,0.0014594045580957893
2018-01-10,0.004981852143449039
2018-01-11,0.0012910482174823823
2018-01-12,0.008411921291829438
2018-01-16,-0.0036415094147781435
2018-01-17,-0.004192995739514704
2018-01-18,0.0009346705141786149
2018-01-19,-0.0012724102297420048
2018-01-22,0.004683089178999955
2018-01-23,0.00013198632463717885
2018-01-24,0.01583817633689577
2018-01-25,-0.00686229368341873
2018-01-26,0.0043376248191075994
2018-01-29,-0.005155700044871425
2018-01-30,-0.006581537760996237
2018-01-31,0.004961094972875557
2018-02-01,0.008662435240342825
2018-02-02,-0.013642837802262942
2018-02-05,-0.004038318650727901
2018-02-06,-0.005915602961242605
2018-02-07,-0.018486740367351984
2018-02-08,-0.008377104986781125
2018-02-09,-0.010069938042683302
2018-02-12,0.004814182405002088
2018-02-13,0.008530563290705118
2018-02-14,0.020574622233920925
2018-02-15,0.0026113058705918846
2018-02-16,0.001599758209631874
2018-02-20,-0.0057659201648101455
2018-02-21,-0.002570922966879774
2018-02-22,0.010029551185781527
2018-02-23,0.0021850491728883092
2018-02-26,0.0032173347418715803
2018-02-27,-0.011274915554150056
2018-02-28,-0.013406303329904334
2018-03-01,-0.0024297939552208048
2018-03-02,0.00034294021656045004
2018-03-05,0.005808608437054774
2018-03-06,0.0030441835557299957
2018-03-07,-0.010996979787136318
2018-03-08,-0.005501093835283299
2018-03-09,0.009438610687481974
2018-03-12,-0.0051067464797406315
2018-03-13,0.0003097264234421804
2018-03-14,-0.0008786598365347897
2018-03-15,-0.0019468282214581967
2018-03-16,0.0027861571108001026
2018-03-19,-0.004516981186630575
2018-03-20,0.0009610318799773143
2018-03-21,0.016503271726629354
2018-03-22,-0.008251957484128658
2018-03-23,0.0086804280834194
2018-03-26,0.0006813000274905612
2018-03-27,-0.005375599091705707
2018-03-28,-0.00409487519321905
2018-03-29,0.0031769027309778153
2018-04-02,-0.005652942760971391
2018-04-03,-0.00017649109697059906
2018-04-04,0.0008058511041406646
2018-04-05,-0.0007770316201781702
2018-04-06,-0.006714515354549366
2018-04-09,0.00846060973865459
2018-04-10,0.013828918944427837
2018-04-11,0.00654877797400899
2018-04-12,-0.0017325244908807935
2018-04-13,0.0029069028035801914
2018-04-16,-0.004280079214473931
2018-04-17,0.0028584111576333004
2018-04-18,0.020629140339592844
2018-04-19,-0.006201668561059082
2018-04-20,-0.0015132197651503976
2018-04-23,-0.004683206497491765
2018-04-24,-0.005609532035838027
2018-04-25,-0.002698755859830926
2018-04-26,0.002761303255661929
2018-04-27,-0.003655846954868869
2018-04-30,0.001213605184150035
2018-05-01,-0.009099627553377787
2018-05-02,-0.0017462688316511876
2018-05-03,0.007587972154988298
2018-05-04,0.0040239958888494964
2018-05-07,-0.001177224801733101
2018-05-08,0.0007331443593052711
2018-05-09,0.005205096969119527
2018-05-10,0.0024901491689715005
2018-05-11,-0.004264867812148743
2018-05-14,0.0023560373319637673
2018-05-15,-0.005519981514326311
2018-05-16,0.0029370425821240165
2018-05-17,-0.0005626492062077437
2018-05-18,0.0005304439044044873
2018-05-21,0.006399740633624473
2018-05-22,-6.923106247502808e-06
2018-05-23,0.002783777592239689
2018-05-24,-0.0033365531035810525
2018-05-25,-0.01196774475090534
2018-05-29,-0.006079100325213749
2018-05-30,0.010299013402884416
2018-05-31,-0.004994993364821787
2018-06-01,-0.00919519014393122
2018-06-04,-0.0015746832112556453
2018-06-05,0.004548338339742886
2018-06-06,0.0027650661998150916
2018-06-07,0.002579581856815283
2018-06-08,0.0008648490565599243
2018-06-11,7.63892175481562e-05
2018-06-12,-0.0014371559386618937
2018-06-13,0.002902821987803561
2018-06-14,-0.00422398068616503
2018-06-15,-0.01762690835080971
2018-06-18,0.007977933045330676
2018-06-19,-0.008471865642837306
2018-06-20,-0.00016602987244129785
2018-06-21,-0.003545011500296291
2018-06-22,0.015301883573306974
2018-06-25,-0.009702940722153608
2018-06-26,0.01268683622740907
2018-06-27,0.005171098112759287
2018-06-28,0.002955983654006955
2018-06-29,0.003611529333344965
2018-07-02,-0.0076448541471317855
2018-07-03,-0.0006295058716485613
2018-07-05,-0.0005099219890022377
2018-07-06,0.0008456802720528955
2018-07-09,0.0033280929689343264
2018-07-10,0.0019819268715324245
2018-07-11,-0.019664086673565007
2018-07-12,0.0019903911363337023
2018-07-13,0.002230679941511049
2018-07-16,-0.013569674282578603
2018-07-17,0.0003859635263046002
2018-07-18,0.004048641890728177
2018-07-19,-0.00048383052592837483
2018-07-20,0.00119411004235781
2018-07-23,0.00019926627426714028
2018-07-24,0.002419747480421064
2018-07-25,0.004371501273355394
2018-07-26,0.0021154217360765948
2018-07-27,-0.0024788717351484912
2018-07-30,0.003939739263013831
2018-07-31,-0.005696736588035822
2018-08-01,-0.006447060337252619
2018-08-02,0.0056775914113380566
2018-08-03,-0.0014366005175486807
2018-08-06,0.0012565910123365498
2018-08-07,0.0025605998680706676
2018-08-08,-0.01071838740886566
2018-08-09,-0.0010288039845322006
2018-08-10,0.004776320989337224
2018-08-13,-0.0011268798079540066
2018-08-14,-0.0005927879011514703
2018-08-15,-0.01064346608174993
2018-08-16,0.002820609372359062
2018-08-17,0.0027199199922669504
2018-08-20,0.00126399300014568
2018-08-21,0.0022807479568314193
2018-08-22,0.006251805097637675
2018-08-23,0.0004638939409460363
2018-08-24,0.0008450821474350612
2018-08-27,-0.00014822463721231305
2018-08-28,-0.0018968961356539138
2018-08-29,0.004938259124114275
2018-08-30,0.0013191567226684686
2018-08-31,0.0010561171366769706
2018-09-04,-0.005247548188663798
2018-09-05,-0.0021276637531628673
2018-09-06,-0.0035915764242075987
2018-09-07,0.0005718544858572816
2018-09-10,-4.5032520081367267e-05
2018-09-11,0.00892917548436678
2018-09-12,0.003185086830263417
2018-09-13,-0.006341199204123127
2018-09-14,-0.00027876157636574916
2018-09-17,-0.0007625325674165406
2018-09-18,0.004988657992187395
2018-09-19,0.003453540527509791
2018-09-20,-0.002824984388322682
2018-09-21,0.0019714373384578376
2018-09-24,0.009037533176579737
2018-09-25,0.0012308421296645111
2018-09-26,-0.0027527135097130673
2018-09-27,0.0030461103118477606
2018-09-28,0.006191261579614915
2018-10-01,0.009265689750381556
2018-10-02,0.0005964294534996917
2018-10-03,0.006810275169736535
2018-10-04,-0.006552758712172757
2018-10-05,-0.002355025883192474
2018-10-08,0.004200825544801834
2018-10-09,0.0027946384799246715
2018-10-10,-0.007020661921579685
2018-10-11,-0.008383536042054884
2018-10-12,-0.0004465353904822278
2018-10-15,0.003902355317534578
2018-10-16,0.0009879933177840972
2018-10-17,-0.0013006621983285838
2018-10-18,-0.007100275681574231
2018-10-19,0.0029499480181358617
2018-10-22,-0.002785914042840565
2018-10-23,-0.008130371684568427
2018-10-24,-0.002062552259361139
2018-10-25,0.0023154552794732997
2018-10-26,0.0033787628474899467
2018-10-29,-0.00527500056251895
2018-10-30,-0.0011051057095771144
2018-10-31,-0.0009729240390613514
2018-11-01,-0.007770142022717419
2018-11-02,0.0033143975996883235
2018-11-05,0.02037383462781106
2018-11-06,-0.0014690638999365069
2018-11-07,-0.000695409623343135
2018-11-08,0.002266389697657356
2018-11-09,0.01123012450821026
2018-11-12,0.010912695972346897
2018-11-13,0.011961345488229025
2018-11-14,0.04724826170000074
2018-11-15,-0.04781282118596719
2018-11-16,0.02853774493086103
2018-11-19,0.012489418871844515
2018-11-20,-0.0034946266606110665
2018-11-21,-0.002589974543031892
2018-11-23,0.0005509768094775769
2018-11-26,-0.012506869443300594
2018-11-27,-0.0030382086729832114
2018-11-28,0.02636205589615437
2018-11-29,-0.00430578628093814
2018-11-30,0.0015502800033035946
2018-12-03,-0.014650930268461426
2018-12-04,0.00677636421973804
2018-12-06,-0.005389429748498653
2018-12-07,0.006679032693378328
2018-12-10,-0.00016576360350051278
2018-12-11,-0.006415055520102797
2018-12-12,-0.011937655136117109
2018-12-13,0.0012141677756745128
2018-12-14,-0.016233126686879262
2018-12-17,-0.013400651158643861
2018-12-18,0.013330740136623831
2018-12-19,-0.0036799246229259897
2018-12-20,-0.0002502057233936261
2018-12-21,0.0009395392112250267
2018-12-24,-0.005858601760356019
2018-12-26,-0.006947029941631655
2018-12-27,0.004207476229412421
2018-12-28,-0.00953779692285961
2018-12-31,-0.018509430896763268
2019-01-02,-0.0021163701001615243
2019-01-03,0.0022665426059516047
2019-01-04,-0.0020215589751322316
2019-01-07,0.000864620719082998
2019-01-08,-0.0006770101538688955
2019-01-09,0.0016045395933752538
2019-01-10,-0.0014716728703191295
2019-01-11,0.0004317927465091742
2019-01-14,0.0005952242998088497
2019-01-15,-0.0004300087860832358
2019-01-16,0.0007999659469091203
2019-01-17,-0.0003271367406304515
2019-01-18,-0.00223160257521271
2019-01-22,0.000888283583505789
2019-01-23,-0.00034993448583153786
2019-01-24,-0.00039166070934748554
2019-01-25,0.0036543156453689996
2019-01-28,0.0008749802682719299
2019-01-29,0.0013991451786081743
2019-01-30,0.0014316806445564545
2019-01-31,0.00012029344257569186
2019-02-01,-0.000750876753507046
2019-02-04,-0.0012282058824349962
2019-02-05,0.00033414798652287026
2019-02-06,-0.0034188486663978557
2019-02-07,0.0014981914238445526
2019-02-08,0.0013755960398580402
2019-02-11,-0.0021574729337361376
2019-02-12,0.0004870032571393512
2019-02-13,-0.0023555759150676314
2019-02-14,0.001698420283751556
2019-02-15,0.0030745752071514865
2019-02-19,0.00502593666875395
2019-02-20,0.0002786891254993318
2019-02-21,-0.004765565483695888
2019-02-22,0.0020457910217104303
2019-02-25,-0.0007665575915891676
2019-02-26,0.0007629292656416986
2019-02-27,-0.003465808483111399
2019-02-28,-0.0024061703035513915
2019-03-01,-0.008815922814249588
2019-03-04,-0.007149223617329503
2019-03-05,0.003126011540390383
2019-03-06,-0.002973898914123585
2019-03-07,-0.00515651162325681
2019-03-08,0.0019315315922452392
2019-03-11,0.00033861835583159916
2019-03-12,0.009069545122866396
2019-03-13,0.003616277306436766
2019-03-14,-0.009732635851979587
2019-03-15,0.00278990775223531
2019-03-18,0.001672169025023429
2019-03-19,0.005983094602066474
2019-03-20,0.006631192440230693
2019-03-21,-0.005375869869743921
2019-03-22,-0.007733467111438519
2019-03-25,0.004001240488421098
2019-03-26,0.001031437664554602
2019-03-27,-0.001964837582640655
2019-03-28,-0.004529614700128581
2019-03-29,0.007466571591155713
2019-04-01,-0.0014698630507260502
2019-04-02,-0.0013984065875926044
2019-04-03,0.007783157803870067
2019-04-04,0.004589055154922805
2019-04-05,-0.002550200860252927
2019-04-08,0.004988129776219985
2019-04-09,-0.00268459303877866
2019-04-10,0.002495301056626875
2019-04-11,-0.007123155981109464
2019-04-12,0.004343872721124686
2019-04-15,-0.0021857219010243956
2019-04-16,-0.004563497668727656
2019-04-17,0.0027138690352361827
2019-04-18,8.463367562550062e-05
2019-04-22,-0.00202294625383459
2019-04-23,-0.0034692187516488504
2019-04-24,0.0006332312593961831
2019-04-25,-0.004226285021745713
2019-04-26,0.005970775060151201
2019-04-29,-0.0007052424268821911
2019-04-30,-0.00020006504871794561
2019-05-01,-0.016554781411371566
2019-05-02,-0.004622798178661958
2019-05-03,0.008604797663962271
2019-05-06,0.003229125637885355
2019-05-07,-0.005515624760198512
2019-05-08,-0.003489303178344061
2019-05-09,-0.0025481101332174294
2019-05-10,0.004346257829186184
2019-05-13,-0.006087793490127891
2019-05-14,0.0008415842050852884
2019-05-15,-3.485878037012835e-05
2019-05-16,-0.0037379034707761827
2019-05-17,-0.005658548638262095
2019-05-20,-0.0010534748971313679
2019-05-21,-0.001035598345191846
2019-05-22,-0.0066849223587763795
2019-05-23,0.0011456236366014227
2019-05-24,0.003248171205420869
2019-05-28,-0.0030693700204550423
2019-05-29,-0.0036706404631521306
2019-05-30,-1.9178255117213716e-05
2019-05-31,0.0005110581999585584
2019-06-03,0.010901142687037568
2019-06-04,7.993149095231189e-05
2019-06-05,0.000639232303081716
2019-06-06,0.0008169204366101912
2019-06-07,0.0014100712979905339
2019-06-10,-0.0024883374344069065
2019-06-11,-0.00029921312472547257
2019-06-12,0.001298133736008733
2019-06-13,0.001529835158272208
2019-06-14,-7.899075041362114e-05
2019-06-17,-0.00015801636220624804
2019-06-18,0.0012650208978930433
2019-06-19,0.0015143105459991535
2019-06-20,0.006294474227989788
2019-06-21,0.00165890304541505
2019-06-24,0.003712696577732544
2019-06-25,0.0004852816598792664
2019-06-26,-0.002291348277774885
2019-06-27,-0.00024442521173762
2019-06-28,0.0006775079424043984
2019-07-01,-0.005091135303477601
2019-07-02,-0.004525074174253074
2019-07-03,0.003114978237686028
2019-07-05,0.0012231269424956004
2019-07-08,-0.0031871128446001595
2019-07-09,0.0024649305914934416
2019-07-10,0.013683711638355911
2019-07-11,-0.002110896038541088
2019-07-12,0.0015636809535466423
2019-07-15,-0.0024062884531489415
2019-07-16,-0.0064634668155786335
2019-07-17,-0.0012194315207934014
2019-07-18,-0.0007258274668959785
2019-07-19,-0.0007056411370044424
2019-07-22,0.0010323266953597976
2019-07-23,0.0015154836864155197
2019-07-24,-0.0022810528475656344
2019-07-25,-0.001767502014519029
2019-07-26,0.0013465602435855928
2019-07-29,0.0036596207712067397
2019-07-30,0.005189799863707378
2019-07-31,-0.005093612652484869
2019-08-01,-0.00714626188441958
2019-08-02,-0.002917556872958138
2019-08-05,0.004156392375194606
2019-08-06,0.0010539797994044697
2019-08-07,0.0077701444758782046
2019-08-08,0.0005468535451345069
2019-08-09,-0.0011562101579521977
2019-08-12,0.0013046683110413682
2019-08-13,-0.0018151859166964934
2019-08-14,0.0008979010695671086
2019-08-15,0.0005835503649658236
2019-08-16,-0.0003672009444283253
2019-08-19,-0.0027777542368265795
2019-08-20,0.0025257397856328634
2019-08-21,0.0002855955433291868
2019-08-22,-0.0001977243307461629
2019-08-23,0.004917676464388121
2019-08-26,0.0009555731731201167
2019-08-27,0.006104245602558622
2019-08-28,0.005281751928951861
2019-08-29,0.00039182069286280985
2019-08-30,0.002434242405174869
2019-09-03,0.00947978518610304
2019-09-04,0.007518696511346068
2019-09-05,-0.011985080262696846
2019-09-06,-0.006172136160608743
2019-09-09,-0.0006600725357561732
2019-09-10,-0.0029615340039518268
2019-09-11,0.003287542037270441
2019-09-12,0.0008183367044691803
2019-09-13,-0.005366888996636288
2019-09-16,0.0025919413579078565
2019-09-17,0.0013970160827920797
2019-09-18,-0.004166536421400857
2019-09-19,0.0020426215205673337
2019-09-20,0.003551266862640734
2019-09-23,0.007295311236458435
2019-09-24,-0.00040337091626863053
2019-09-25,-0.010670231963892163
2019-09-26,0.0005692327985931112
2019-09-27,-0.0031413385549491357
2019-09-30,-0.010626786579605585
2019-10-01,0.0015552590641374486
2019-10-02,0.00462277823022661
2019-10-03,0.0007652530449848705
2019-10-04,-0.0012813257980573978
2019-10-07,-0.0022960108387097833
2019-10-08,0.004930021446407196
2019-10-09,0.00045340676461891327
2019-10-10,-0.0019704446054558122
2019-10-11,-0.0009766067377394716
2019-10-14,0.0009490943687395781
2019-10-15,-0.0034221562484261225
2019-10-16,0.0008204000803786471
2019-10-17,0.001226480372811034
2019-10-18,0.00039277215131194865
2019-10-21,-0.0010009017621501748
2019-10-22,0.0005457201998979588
2019-10-23,0.0036378161418060273
2019-10-24,0.0035455137515774116
2019-10-25,0.002288965482958094
2019-10-28,-0.003269568597505823
2019-10-29,-0.00042562698136305865
2019-10-30,0.0015777760963175957
2019-10-31,0.0037385924580195518
2019-11-01,0.002189579945776954
2019-11-04,-0.002551893900569202
2019-11-05,-0.005480666649088084
2019-11-06,0.0007267261333643305
2019-11-07,-0.007656958686785398
2019-11-08,-0.005788144586209909
2019-11-11,-0.0013596841469890597
2019-11-12,-0.0007266925522034784
2019-11-13,0.0017527863195681004
2019-11-14,0.002012421676164111
2019-11-15,0.0004764495410682912
2019-11-18,0.0014735264917753454
2019-11-19,0.003020175111819956
2019-11-20,0.0011688331485719683
2019-11-21,-0.0014471921454461967
2019-11-22,-0.003972972294624677
2019-11-25,-0.0007033379095222614
2019-11-26,0.003784537620177053
2019-11-27,-0.0036043520647005556
2019-11-29,0.001645013585894528
2019-12-02,-0.001091875553624999
2019-12-03,0.005006003085259003
2019-12-04,0.003995860051666966
2019-12-05,0.0026492799543771373
2019-12-06,-0.0009464793059712484
2019-12-09,-0.00038081523100608194
2019-12-10,0.005749387386398519
2019-12-11,0.002071314262728885
2019-12-12,0.003147183155009614
2019-12-13,-0.00010522480456054417
2019-12-16,0.002394827650728182
2019-12-17,0.0033914584193792674
2019-12-18,0.0015901415411967434
2019-12-19,0.0019807398683608923
2019-12-20,-0.004926868762508918
2019-12-23,0.00724338189721041
2019-12-24,0.00634084025556092
2019-12-26,0.005915749942048798
2019-12-27,-0.0009949964311987136
2019-12-30,0.0017131397336551668
2019-12-31,-0.0022074753083075604
2020-01-02,0.004471939454337992
2020-01-03,0.013012324547103438
2020-01-06,-0.00033869534777042354
2020-01-07,0.0023807489982623498
2020-01-08,-0.015114326286191249
2020-01-09,-0.005660963229900617
2020-01-10,0.001141216655143662
2020-01-13,-0.006705080085389947
2020-01-14,0.0011978999651396371
2020-01-15,0.0033982277032429398
2020-01-16,0.0011089060584468236
2020-01-17,0.0034085974348561088
2020-01-21,-0.005355105635747703
2020-01-22,-0.006950292808193925
2020-01-23,-0.007572384575826097
2020-01-24,-0.003436882893522064
2020-01-27,-0.011454144570785418
2020-01-28,-0.0006701791801110302
2020-01-29,-0.0015088653938147845
2020-01-30,-0.0009445910286361991
2020-01-31,-0.008152728607733861
2020-02-03,-0.014807625483253761
2020-02-04,-0.0021271666805673384
2020-02-05,0.002433014068838446
2020-02-06,-0.0007967675454995105
2020-02-07,0.00043697278081489266
2020-02-10,3.8977730752121076e-05
2020-02-11,-0.00010435995334212578
2020-02-12,-0.002227159804090495
2020-02-13,0.002351819519910592
2020-02-14,0.0006468015240272962
2020-02-18,0.008183672130208208
2020-02-19,0.0039714333567719695
2020-02-20,-0.003545456504127076
2020-02-21,0.0023897566349180277
2020-02-24,0.00032418579834891936
2020-02-25,-0.011889816342859572
2020-02-26,-0.0008558744228431836
2020-02-27,-0.0031843449371993238
2020-02-28,-0.01572727870055901
2020-03-02,0.0004600011946369609
2020-03-03,0.007858583340040637
2020-03-04,0.0004386319343878675
2020-03-05,0.005400236364734079
2020-03-06,9.524026366936056e-05
2020-03-09,0.00041255871437617664
2020-03-10,-0.005275334076692895
2020-03-11,-0.0008900878219983976
2020-03-12,-0.009972064707657324
2020-03-13,-0.0076290593269467966
2020-03-16,-0.0028615288309965514
2020-03-17,0.0033888699823829693
2020-03-18,-0.0049804971074624005
2020-03-19,-0.004726374768664554
2020-03-20,0.003748926805451136
2020-03-23,0.011044897606240056
2020-03-24,0.012132588340095118
2020-03-25,-0.0034224102481771324
2020-03-26,0.0032055558530665884
2020-03-27,-0.0016151224511804507
2020-03-30,0.0011001611969545522
2020-03-31,-0.007961671422149652
2020-04-01,0.0023640558386124333
2020-04-02,0.004098355634444495
2020-04-03,0.0012343647632255816
2020-04-06,0.0069276304544050316
2020-04-07,-0.0013386211922085112
2020-04-08,-0.002226992196640909
2020-04-09,0.006530890243076959
2020-04-13,0.0042850859834528965
2020-04-14,0.0019670233951707417
2020-04-15,-0.0012754896263115212
2020-04-16,-0.00021624866291169997
2020-04-17,-0.004854367786905733
2020-04-20,0.0017815311405533496
2020-04-21,-0.001706318657983319
2020-04-22,0.004917715000916312
2020-04-23,0.0024887167700540225
2020-04-24,-0.0010713801945883006
2020-04-27,-0.001660111035273748
2020-04-28,-0.0011141390684318297
2020-04-29,0.001383361430478347
2020-04-30,-0.004529142325455426
2020-05-01,0.001542814402874626
2020-05-04,0.0008762009683189742
2020-05-05,0.0010602593708703978
2020-05-06,-0.0032138977600510987
2020-05-07,0.003837688720121246
2020-05-08,-0.0015025733074718328
2020-05-11,-0.0015584091937009825
2020-05-12,0.0009722668490601549
2020-05-13,0.0024056620368768655
2020-05-14,0.0022125149455012316
2020-05-15,0.0014109536223969599
2020-05-18,-0.0018910362498878452
2020-05-19,0.0024125515426112187
2020-05-20,0.0005935702585699865
2020-05-21,-0.003644084399409775
2020-05-22,0.0014792091122761697
2020-05-26,-0.003553714889991455
2020-05-27,0.0004506080042776528
2020-05-28,0.0008375861916189997
2020-05-29,0.0018396030676846031
2020-06-01,0.000900654476620133
2020-06-02,-0.003794265751449033
2020-06-03,-0.00696988111203245
2020-06-04,0.0024792476846817735
2020-06-05,-0.0071455229437730194
2020-06-08,0.006106831149606418
2020-06-09,-0.00010592927881247771
2020-06-10,0.008262001293846133
2020-06-11,-0.006628016243147461
2020-06-12,-0.00145530585083109
2020-06-15,-0.0008495515861549618
2020-06-16,0.00023723641537332085
2020-06-17,0.001087737160174962
2020-06-18,-0.0016304653819567694
2020-06-19,0.004953607250934855
2020-06-22,0.0012370154491370133
2020-06-23,0.004231016301194712
2020-06-24,-0.005621613111223334
2020-06-25,0.0032268281224843154
2020-06-26,0.0012029816601613064
2020-06-29,0.00030505191059115866
2020-06-30,0.004560950984260126
2020-07-01,-0.0027389287164654164
2020-07-02,-0.0007663707172755885
2020-07-06,0.004608773594696469
2020-07-07,0.0006937485922449138
2020-07-08,0.006025290854991816
2020-07-09,-0.0015739051231995482
2020-07-10,4.953214585645682e-05
2020-07-13,0.003229243057624842
2020-07-14,0.0031849886895740642
2020-07-15,0.0021019312009977753
2020-07-16,-0.005410231144346689
2020-07-17,0.0037054266820402137
2020-07-20,0.005896282635005523
2020-07-21,0.012875243294786287
2020-07-22,0.01840774453594407
2020-07-23,-0.0018021193688707582
2020-07-24,0.0029991492152796617
2020-07-27,0.016823254022658052
2020-07-28,0.0009997808665611618
2020-07-29,-0.00022282570088738574
2020-07-30,-0.0075755024274469784
2020-07-31,0.008748011634999608
2020-08-03,0.0005432470226645059
2020-08-04,0.014807291378962306
2020-08-05,0.009074326898487195
2020-08-06,0.016389022457273805
2020-08-07,-0.018223951581383124
2020-08-10,0.011517209292292385
2020-08-11,-0.03496403363752776
2020-08-12,0.0024987605802659907
2020-08-13,0.012428763979199564
2020-08-14,-0.003127463566185762
2020-08-17,0.017643899681885733
2020-08-18,0.009009156397364215
2020-08-19,-0.009866996858049704
2020-08-20,0.006625474494846406
2020-08-21,-0.01235339248422529
2020-08-24,-0.003440926580443704
2020-08-25,0.003999653683198101
2020-08-26,0.00958171101442451
2020-08-27,-0.003314415996728104
2020-08-28,0.00943450930607903
2020-08-31,0.0068385394091821095
2020-09-01,-0.0019584683074413967
2020-09-02,-0.00878947811142694
2020-09-03,-0.011445263371225978
2020-09-04,0.012203787505364216
2020-09-08,-0.007861341432002344
2020-09-09,0.007918606795158212
2020-09-10,-0.009486270420503984
2020-09-11,0.008809921326692782
2020-09-14,0.008503914205683971
2020-09-15,-0.0001266029224253895
2020-09-16,0.001220184284300041
2020-09-17,-0.0029609882080600114
2020-09-18,0.0011141769950666625
2020-09-21,-0.021347000837817154
2020-09-22,-0.0013116723907555805
2020-09-23,-0.024268462813785363
2020-09-24,0.005436590175130984
2020-09-25,-0.0002739268654341487
2020-09-28,0.011280431901998567
2020-09-29,0.002869934958826592
2020-09-30,-0.0017388177851188624
2020-10-01,-0.00901181613370805
2020-10-02,0.003484319597780061
2020-10-05,0.005135063207281743
2020-10-06,-0.01130497740203884
2020-10-07,0.009837815333075373
2020-10-08,0.0021760111800086523
2020-10-09,0.016251083850911563
2020-10-12,-0.002590239929814775
2020-10-13,-0.008627736228532745
2020-10-14,-6.316564442399031e-05
2020-10-15,0.005605354149952113
2020-10-16,-0.0030306672336714024
2020-10-19,0.00048209718821135006
2020-10-20,0.010558509991597465
2020-10-21,0.00822119923767306
2020-10-22,-0.006231135874879223
2020-10-23,0.0018475968686517685
2020-10-26,-0.00955367902442772
2020-10-27,0.0015456773877986496
2020-10-28,-0.00985454945535813
2020-10-29,-0.002275481667209478
2020-10-30,0.0002593595346640498
2020-11-02,0.00813444743051206
2020-11-03,0.002728147696665628
2020-11-04,0.003008159649087405
2020-11-05,0.013733611111160782
2020-11-06,0.006280361286029601
2020-11-09,-0.014618254200479797
2020-11-10,0.004708045047061127
2020-11-11,-0.0027908147812268913
2020-11-12,0.00033007455128197805
2020-11-13,0.006717196649868251
2020-11-16,0.008861241941476417
2020-11-17,0.0009800883027939467
2020-11-18,-0.00023174076377707742
2020-11-19,5.432640719171822e-05
2020-11-20,0.006425874774309559
2020-11-23,-0.008477785708119967
2020-11-24,0.0004261969846794944
2020-11-25,-0.0012694168673664796
2020-11-27,0.005449435390688873
2020-11-30,-0.0007983962022864999
2020-12-01,0.011436645128345857
2020-12-02,0.0025600116323538646
2020-12-03,0.0046669350035384305
2020-12-04,0.008353073649800535
2020-12-07,-0.0038877163393998826
2020-12-08,-0.0015208517724754067
2020-12-09,-0.005498135045365671
2020-12-10,0.014287286115505005
2020-12-11,-0.008713292258544003
2020-12-14,0.00013349717370503278
2020-12-15,0.010020868884805578
2020-12-16,0.005677309206214121
2020-12-17,0.010609745496556133
2020-12-18,0.00010429955674751135
2020-12-21,-0.007966333814621196
2020-12-22,-0.016373232206976285
2020-12-23,0.011393131471435058
2020-12-24,0.004171231243619733
2020-12-28,0.004165027338242311
2020-12-29,-0.0006608211161750477
2020-12-30,0.006151159807961104
2020-12-31,-0.00269361026999948
2021-01-04,0.005250949979767716
2021-01-05,0.016094982652638867
2021-01-06,-0.0034994203851228534
2021-01-07,0.0055987294325807735
2021-01-08,-0.017867558731927802
2021-01-11,-0.017516033911325946
2021-01-12,0.018937876935105624
2021-01-13,-0.0007139880407485144
2021-01-14,0.009943405407747852
2021-01-15,-0.015637957438567107
2021-01-19,0.004480510794197423
2021-01-20,0.008391568984925213
2021-01-21,0.003915649766447427
2021-01-22,-0.011960466069120712
2021-01-25,0.002431724467635732
2021-01-26,0.0012347170374196192
2021-01-27,-0.014005123817301679
2021-01-28,0.007154904446021293
2021-01-29,-9.000398712133428e-05
2021-02-01,0.015425686158606622
2021-02-02,-0.010707387557427839
2021-02-03,0.010273976856269185
2021-02-04,-7.940563071406892e-05
2021-02-05,0.013568839753931972
2021-02-08,0.014907919628970312
2021-02-09,0.006199241599126992
2021-02-10,0.00934067113567938
2021-02-11,-0.0018522929223641071
2021-02-12,0.011064332197266324
2021-02-16,0.007934141114457116
2021-02-17,0.002323014957358094
2021-02-18,0.0007248424108321494
2021-02-19,0.005157463863727507
2021-02-22,0.02102609782957532
2021-02-23,-0.00048741304202426505
2021-02-24,0.015760236394180893
2021-02-25,-0.013357095182344736
2021-02-26,-0.023240202958903278
2021-03-01,-0.00310910389128749
2021-03-02,0.006107309340797729
2021-03-03,-0.0004592249776439461
2021-03-04,-0.001361068145792621
2021-03-05,0.020460054228887525
2021-03-08,-0.006982998726747902
2021-03-09,-0.0026839831500482525
2021-03-10,0.007989038831091255
2021-03-11,0.014007247113405175
2021-03-12,-0.0018894461837878351
2021-03-15,0.0017083733119653832
2021-03-16,-0.009606406061886563
2021-03-17,0.006202907390451484
2021-03-18,-0.03139201857938567
2021-03-19,0.012601273324802209
2021-03-22,0.0022626411875628083
2021-03-23,-0.028641952047691155
2021-03-24,0.017666669914602195
2021-03-25,-0.01521485382744503
2021-03-26,0.022423736771500558
2021-03-29,0.0006368533038663138
2021-03-30,-0.01252871105060649
2021-03-31,-0.0014465213459639026
2021-04-01,0.013030448292795205
2021-04-05,-0.0034165154048727553
2021-04-06,0.005369534077773741
2021-04-07,-0.0023707514645886496
2021-04-08,0.0031057255760746916
2021-04-09,-0.005953755389454862
2021-04-12,-0.004659211591208301
2021-04-13,0.002601245328510249
2021-04-14,0.01552979130154597
2021-04-15,0.009507907044987496
2021-04-16,-0.002642466398608101
2021-04-19,0.004700946232378156
2021-04-20,-0.003905449785691517
2021-04-21,0.00748565417075886
2021-04-22,-0.0014501288429630277
2021-04-23,0.008925679010673537
2021-04-26,0.011376813858478885
2021-04-27,0.0034708830907348442
2021-04-28,0.00018612988851107737
2021-04-29,-0.0017849085974773748
2021-04-30,-0.004501333078052228
2021-05-03,0.011999399846141623
2021-05-04,0.003735399401261663
2021-05-05,0.0032630926981691566
2021-05-06,0.01360655530287258
2021-05-07,0.0072769899454097065
2021-05-10,-0.00581558642903679
2021-05-11,0.008432112499444644
2021-05-12,-0.009949115631835315
2021-05-13,-0.014474584029539828
2021-05-14,0.005040377535661111
2021-05-17,0.011427603156612731
2021-05-18,-0.00130546029144607
2021-05-19,-0.019352532598905126
2021-05-20,-0.00456241206993846
2021-05-21,-0.0004767706790398396
2021-05-24,0.00600391689220392
2021-05-25,0.0010234621383529152
2021-05-26,7.366835569100338e-05
2021-05-27,0.013333529926016219
2021-05-28,0.0009052897159118611
2021-06-01,0.006748348061113907
2021-06-02,0.0002444586159944251
2021-06-03,-0.016350101240282133
2021-06-04,0.010356378814223577
2021-06-07,0.00032985565779242165
2021-06-08,0.002713129715851359
2021-06-09,-0.003560455828320541
2021-06-10,0.002028905957953908
2021-06-11,0.0018354013911550116
2021-06-14,-0.0019300656376248781
2021-06-15,-0.00958009225240597
2021-06-16,-0.008507195897894282
2021-06-17,-0.032739185625394795
2021-06-18,-0.0010494381577236256
2021-06-21,0.008989160942027619
2021-06-22,0.0013425757085241408
2021-06-23,0.007146468493680169
2021-06-24,0.002101434894105747
2021-06-25,0.0034956253314428753
2021-06-28,0.0005880209042758988
2021-06-29,-0.00522844704788894
2021-06-30,0.009104487803512029
2021-07-01,-0.001794115333565549
2021-07-02,0.005867354330711949
2021-07-06,-0.012540809885614346
2021-07-07,-0.007889647092720553
2021-07-08,0.002568328600125236
2021-07-09,0.013432250397054979
2021-07-12,0.004074871016270576
2021-07-13,0.0004776378424655725
2021-07-14,-0.005116602907015211
2021-07-15,-0.0016575026497011036
2021-07-16,-0.0022195473040249603
2021-07-19,-0.02564995170547102
2021-07-20,0.013649429646519051
2021-07-21,0.01422351107828601
2021-07-22,0.01194904837136157
2021-07-23,0.004638180152786386
2021-07-26,0.013724772328651103
2021-07-27,-0.00986804589824486
2021-07-28,0.001427943463571335
2021-07-29,0.010723174962307347
2021-07-30,-0.01106256601286626
2021-08-02,-0.006942323785775195
2021-08-03,-0.001205915467890617
2021-08-04,-0.010084322751500174
2021-08-05,0.007472119607207173
2021-08-06,-0.0036658974854216764
2021-08-09,-0.012019607762536855
2021-08-10,0.015842090148263432
2021-08-11,0.003799551941889412
2021-08-12,-0.0059068776596977735
2021-08-13,-0.0020919223436445256
2021-08-16,-0.0012715184597614781
2021-08-17,-0.012472232057371135
2021-08-18,-0.012178260032580268
2021-08-19,-0.010124217411077496
2021-08-20,-0.003633620232742274
2021-08-23,0.021223970171432516
2021-08-24,0.01393561892514561
2021-08-25,0.005712437417946026
2021-08-26,0.0022724487442615793
2021-08-27,0.01572803886291685
2021-08-30,0.003413452764638336
2021-08-31,-0.00325988880083361
2021-09-01,-0.0010376605453823462
2021-09-02,0.005215499935455448
2021-09-03,0.0043199037729295675
2021-09-07,-0.011501218864020668
2021-09-08,0.007304022784974551
2021-09-09,0.0010751627029770283
2021-09-10,0.010021937102445033
2021-09-13,0.0031238000864659554
2021-09-14,-0.001068129456553435
2021-09-15,0.014742123245060634
2021-09-16,-0.01431617746947178
2021-09-17,-0.007777419101849037
2021-09-20,-0.011673075740813665
2021-09-21,-0.0011209476343599922
2021-09-22,0.01048307480729127
2021-09-23,0.009268422287683098
2021-09-24,0.006285979996300428
2021-09-27,0.016704697360021115
2021-09-28,-0.00591354609617889
2021-09-29,-0.011806058127840857
2021-09-30,0.007093535179313326
2021-10-01,0.006850316171389315
2021-10-04,0.01243625187156816
2021-10-05,0.006959647588223428
2021-10-06,-0.015195523922775123
2021-10-07,0.013635192943585617
2021-10-08,0.0020072456740762856
2021-10-11,0.005849533983769195
2021-10-12,-0.0008182982949769269
2021-10-13,0.009111579729957686
2021-10-14,0.011279110757097532
2021-10-15,0.009652517051377485
2021-10-18,-0.010254913673104826
2021-10-19,-0.0017289213952568216
2021-10-20,0.009079613740661019
2021-10-21,-0.020931647046774526
2021-10-22,0.0006117955167124212
2021-10-25,0.012275953726244238
2021-10-26,-0.0009404347061096052
2021-10-27,-0.015480299008631238
2021-10-28,0.0035669276638683467
2021-10-29,-0.006045734964412519
2021-11-01,-0.00023664173584814208
2021-11-02,0.00033669526321666865
2021-11-03,-0.008651933079860341
2021-11-04,-0.009918215866797198
2021-11-05,0.006743418762148012
2021-11-08,0.0038809285614471722
2021-11-09,0.0005116845840855699
2021-11-10,-0.008613766261391986
2021-11-11,0.0077432001591792865
2021-11-12,-0.0009620796304574686
2021-11-15,0.0007045849835076723
2021-11-16,0.0001020901544028785
2021-11-17,-0.008634240096477952
2021-11-18,0.004066917652076452
2021-11-19,-0.0033283282358216315
2021-11-22,0.005322118164567735
2021-11-23,0.01329893837418572
2021-11-24,0.00025981039594147326
2021-11-26,-0.04172247346817404
2021-11-29,-0.003187801532147927
2021-11-30,-0.021873631592084886
2021-12-01,-0.013109787336620937
2021-12-02,-0.0029825818326219
2021-12-03,-4.58104054311681e-05
2021-12-06,-0.016060336857390722
2021-12-07,0.003706183985442646
2021-12-08,0.006471210537703387
2021-12-09,-0.003961793917389489
2021-12-10,0.004183940913497164
2021-12-13,0.00016315781519993244
2021-12-14,-0.0033545107014494313
2021-12-15,-0.0009815250341682624
2021-12-16,0.0019864229511417086
2021-12-17,-0.00893458961416671
2021-12-20,-0.010619303298366356
2021-12-21,0.018546033971544196
2021-12-22,0.013992802809838834
2021-12-23,0.005454072474889049
2021-12-27,0.008153506223254059
2021-12-28,-0.0030304936181788644
2021-12-29,0.0032139022334651823
2021-12-30,-8.759145679504421e-05
2021-12-31,-0.0009841675972760422
2022-01-03,-0.003828817312816035
2022-01-04,0.009953370832964659
2022-01-05,-0.005401310522233138
2022-01-06,0.0022595978329156274
2022-01-07,0.00432136612413192
2022-01-10,-0.0061974763443898295
2022-01-11,0.01685469539750528
2022-01-12,0.00825798182324089
2022-01-13,-0.006548285761390549
2022-01-14,0.005800313777336585
2022-01-18,0.002389969420157012
2022-01-19,0.011269121652638825
2022-01-20,0.0027278010005971076
2022-01-21,-0.0042125663956253945
2022-01-24,-0.0036273097367439666
2022-01-25,0.005875542658370092
2022-01-26,-0.00209089345279434
2022-01-27,-0.006499061920155369
2022-01-28,-0.0012985790767265915
2022-01-31,0.002685669939575863
2022-02-01,0.008139767680087173
2022-02-02,0.007118684854498625
2022-02-03,-0.0024811196766969523
2022-02-04,0.006345121220979522
2022-02-07,-0.0026087224062522063
2022-02-08,-0.00330692224949769
2022-02-09,0.013963050091817086
2022-02-10,-0.005055799354892088
2022-02-11,0.0005431793023211728
2022-02-14,0.00503309132203289
2022-02-15,-0.00417620317318157
2022-02-16,0.0019198131559765574
2022-02-17,0.001841712766194492
2022-02-18,0.0015488843105933014
2022-02-22,0.009087589279661579
2022-02-23,0.0005767697922263171
2022-02-24,0.006807601459872581
2022-02-25,-0.01036809789909987
2022-02-28,0.009776115176157507
2022-03-01,0.030429009744780133
2022-03-02,0.017330982402661288
2022-03-03,0.008872164359854384
2022-03-04,0.024765050794331778
2022-03-07,0.005805668673796616
2022-03-08,0.014469026224255943
2022-03-09,-0.05113352649495395
2022-03-10,0.003245452216720013
2022-03-11,0.0022001464108278856
2022-03-14,-0.02404927088958786
2022-03-15,-0.018692617230393727
2022-03-16,0.005451527079002982
2022-03-17,0.022429999996379735
2022-03-18,-0.00026984179882461046
2022-03-21,0.02152731717356815
2022-03-22,-0.004000688562502908
2022-03-23,0.020171546285910225
2022-03-24,-0.006589153016600902
2022-03-25,0.0019018101621990358
2022-03-28,-0.021491021386852216
2022-03-29,-0.0008915363949889565
2022-03-30,0.01180950514857404
2022-03-31,-0.011627577476839956
2022-04-01,-0.0015281431132171397
2022-04-04,0.006742052764903139
2022-04-05,-0.00321835968855555
2022-04-06,-0.0019358237876283546
2022-04-07,0.002306612828875343
2022-04-08,0.006017377376308364
2022-04-11,-0.0007666621935246143
2022-04-12,0.013853864964280094
2022-04-13,0.007949719246072462
2022-04-14,0.0014343307614317347
2022-04-18,0.011627426954626818
2022-04-19,-0.019942198499857122
2022-04-20,-0.0020356280583165853
2022-04-21,-0.001207977914184144
2022-04-22,-0.015956800728913367
2022-04-25,-0.01237480696866633
2022-04-26,-0.0013403838799732615
2022-04-27,0.001634773345063012
2022-04-28,-0.0011102181676374556
2022-04-29,-0.006455560572507513
2022-05-02,-0.005777420108748155
2022-05-03,-0.002887370007473189
2022-05-04,0.01792662566684844
2022-05-05,-0.000733316104521986
2022-05-06,-0.007380100097825193
2022-05-09,-0.02705403370851789
2022-05-10,-0.0034243563322401416
2022-05-11,0.017316385037605686
2022-05-12,-0.002334554571043146
2022-05-13,0.005330960416053854
2022-05-16,0.013097749977607709
2022-05-17,0.0006597351645045713
2022-05-18,-0.009199651337127634
2022-05-19,0.007967283933882463
2022-05-20,0.0005732223038246165
2022-05-23,0.009491479146819692
2022-05-24,-0.0017321442772433304
2022-05-25,-0.0008200978889275623
2022-05-26,0.0026677944854360813
2022-05-27,0.0044245692370747935
2022-05-31,-0.009135539865297249
2022-06-01,0.003317293931980103
2022-06-02,0.003591874036547038
2022-06-03,0.0014526023536205468
2022-06-06,0.005930281034580043
2022-06-07,0.00341652427311967
2022-06-08,-0.00089863183984773
2022-06-09,0.0001605722408655197
2022-06-10,-0.0021228638902990316
2022-06-13,-0.006536487067484331
2022-06-14,-0.0157963278624369
2022-06-15,0.001548348550815648
2022-06-16,0.004138236891421565
2022-06-17,-0.014777600617685516
2022-06-21,-0.0023713397825309013
2022-06-22,-0.007273103890070964
2022-06-23,-0.014890986015733021
2022-06-24,0.004885364589726882
2022-06-27,0.003767960597918396
2022-06-28,0.005828274738841621
2022-06-29,-0.004613760947304035
2022-06-30,-0.01712668035509446
2022-07-01,8.48993223585559e-05
2022-07-05,-0.021947049213271175
2022-07-06,-0.0031030104808746906
2022-07-07,0.022304929102497928
2022-07-08,0.0029050056080024422
2022-07-11,0.007173777948537685
2022-07-12,-0.019921420107048782
2022-07-13,0.007188238209426379
2022-07-14,0.0012573507020248176
2022-07-15,0.010708653850043603
2022-07-18,0.015256045484134617
2022-07-19,0.0015688242587545975
2022-07-20,0.007040797926823883
2022-07-21,-0.005140825231779278
2022-07-22,0.002542469542532677
2022-07-25,0.010470605392821408
2022-07-26,-0.0011344678610635262
2022-07-27,0.0064966120343548095
2022-07-28,-0.00673179760476017
2022-07-29,0.0039617722218330265
2022-08-01,-0.00900363131363624
2022-08-02,-0.006206101837987643
2022-08-03,0.0016326324612174758
2022-08-04,-0.007535802943918868
2022-08-05,-0.0018043077913907357
2022-08-08,0.00041905822871890486
2022-08-09,0.002551069974643161
2022-08-10,0.00767723750029381
2022-08-11,0.012044770673997451
2022-08-12,-0.0027236284048614
2022-08-15,-0.0057497576822761465
2022-08-16,0.0009196549640964058
2022-08-17,0.0012105759550655737
2022-08-18,0.007177953587928387
2022-08-19,0.00032724632905023476
2022-08-22,0.008125318947346694
2022-08-23,0.0007961832886711484
2022-08-24,0.0031971337878831108
2022-08-25,-0.002493255858276422
2022-08-26,-0.0025219216923075827
2022-08-29,0.008947065141871713
2022-08-30,-0.0118251885716385
2022-08-31,-0.006560564534659474
2022-09-01,-0.0071600045712504334
2022-09-02,-0.006231491758697638
2022-09-06,-0.01819594405028413
2022-09-07,-0.005456864778914605
2022-09-08,0.0036969243876394664
2022-09-09,0.002511054529920731
2022-09-12,0.007711365238439738
2022-09-13,0.0007943119168769552
2022-09-14,0.015293582942073947
2022-09-15,-0.01703511679612646
2022-09-16,-0.011457269378901014
2022-09-19,0.002850113960286782
2022-09-20,-0.004774338431324132
2022-09-21,0.0021600239341177385
2022-09-22,-0.012958412776536643
2022-09-23,-0.008246072941065496
2022-09-26,0.0011168927904814385
2022-09-27,-0.006345359463764244
2022-09-28,0.005577879486078574
2022-09-29,-0.0031087697306771966
2022-09-30,-0.002592777342064312
2022-10-03,-0.007589828795664499
2022-10-04,0.01035905810934512
2022-10-05,0.004327357015178723
2022-10-06,-0.0009435610178383236
2022-10-07,-0.008527634162939224
2022-10-10,-0.004824973614636741
2022-10-11,0.001710508534595867
2022-10-12,-0.005092959745618519
2022-10-13,0.009501383020431575
2022-10-14,-0.0066668257605513315
2022-10-17,-0.015355515365662264
2022-10-18,-0.008671302646429235
2022-10-19,-0.010933696966956785
2022-10-20,-0.0028428413953844878
2022-10-21,-0.01211612215362634
2022-10-24,0.009633819832449264
2022-10-25,0.017263750430281277
2022-10-26,-0.0019200458953345656
2022-10-27,-0.010479912101297617
2022-10-28,-0.0026279814130046875
2022-10-31,0.020425350941698506
2022-11-01,-0.017536791838894894
2022-11-02,0.002509726212079011
2022-11-03,-0.0026450778940010355
2022-11-04,0.010936474784678518
2022-11-07,-0.0013194518300007063
2022-11-08,-0.006476293752635698
2022-11-09,-0.008330655548594024
2022-11-10,0.00306596650893054
2022-11-11,0.006385058578209701
2022-11-14,-0.008860158214936131
2022-11-15,0.003475671044540274
2022-11-16,-0.0031831488763797156
2022-11-17,-0.006944445758479856
2022-11-18,-0.00501700816533357
2022-11-21,-0.0013016280919025958
2022-11-22,0.0026168810071331983
2022-11-23,-0.009582171426915531
2022-11-25,-0.0009874381404386678
2022-11-28,-0.0018024410349765096
2022-11-29,0.003177182847548199
2022-11-30,0.006991759624553895
2022-12-01,-0.0008614465133740534
2022-12-02,-0.001437599784207877
2022-12-05,-0.0102887462578094
2022-12-06,-0.0013045458512228603
2022-12-07,0.006604950554014222
2022-12-08,0.0019751562538579126
2022-12-09,0.006427723188169754
2022-12-12,-0.004207599620344671
2022-12-13,0.008795357537080273
2022-12-14,-0.00012027174695927734
2022-12-15,-0.009219567629883074
2022-12-16,-0.0015115017314795143
2022-12-19,-0.00464956504349634
2022-12-20,0.014442020734887207
2022-12-21,-0.002626159666337835
2022-12-22,-0.006805572419115502
2022-12-23,0.009178826691747632
2022-12-27,0.0024883771062351734
2022-12-28,-0.006779932767883912
2022-12-29,0.011489562245147411
2022-12-30,0.0025032748543389882
2023-01-03,0.00226072711917924
2023-01-04,-0.00034018678280434145
2023-01-05,-0.006204798480904272
2023-01-06,0.008433436864356603
2023-01-09,-0.0018963520677554024
2023-01-10,0.0003752061226416359
2023-01-11,-0.0023875269926718623
2023-01-12,0.003053568057811873
2023-01-13,0.004012145782823939
2023-01-17,-0.005322394636469441
2023-01-18,-0.0030901923715517254
2023-01-19,0.0037060851206709433
2023-01-20,0.0003185219118861937
2023-01-23,-0.0013468881522166187
2023-01-24,0.0025144235849441365
2023-01-25,-0.00011294336240430525
2023-01-26,-0.003274137180705683
2023-01-27,-0.0025728665377454663
2023-01-30,-0.000954058535340474
2023-01-31,0.0017020974737895767
2023-02-01,0.0018508358774114164
2023-02-02,-0.010335897129726934
2023-02-03,-0.01809319332276993
2023-02-06,-0.003200726820960176
2023-02-07,0.003519930733080656
2023-02-08,-0.0034581110942840665
2023-02-09,-0.002859453645651322
2023-02-10,-0.006035287155378932
2023-02-13,0.0032100733245854496
2023-02-14,-0.0010210530259820993
2023-02-15,-0.010260644782015493
2023-02-16,0.005288028115040477
2023-02-17,0.0028069389831058
2023-02-21,0.008969517944895644
2023-02-22,-0.006160403695378958
2023-02-23,-0.0078197232427909
2023-02-24,-0.015797141131063452
2023-02-27,0.007418064062637564
2023-02-28,0.008513546309937059
2023-03-01,0.01044919152621926
2023-03-02,-0.007224461692588502
2023-03-03,0.004528061839511821
2023-03-06,-0.001290538548779585
2023-03-07,-0.01969031455399939
2023-03-08,0.005338384254835127
2023-03-09,0.0007653175383004474
2023-03-10,0.005088284449883851
2023-03-13,0.015519791197986077
2023-03-14,-0.005641275648105903
2023-03-15,-0.013667112428380701
2023-03-16,0.0022869115567967224
2023-03-17,0.0070928245463928175
2023-03-20,0.006387389930951892
2023-03-21,-0.0038695942614911383
2023-03-22,0.007571976713603101
2023-03-23,0.007392605938134622
2023-03-24,-0.004602453907375015
2023-03-27,0.0005326832393988123
2023-03-28,-0.0011487183861017547
2023-03-29,0.0011542053155351173
2023-03-30,0.006131312919352316
2023-03-31,-0.0009192337201353595
2023-04-03,-0.0022800160612144182
2023-04-04,0.0035426574468266914
2023-04-05,-0.0013122802169918124
2023-04-06,0.003102633113715836
2023-04-10,-0.003265505978163441
2023-04-11,0.004626127817879855
2023-04-12,0.00560019494901165
2023-04-13,0.012532795338670688
2023-04-14,-0.005083565266821188
2023-04-17,-2.0899943149466083e-05
2023-04-18,0.007952976760656982
2023-04-19,-0.0038181223100013373
2023-04-20,-0.0033359774611426696
2023-04-21,-0.004352136683640095
2023-04-24,-0.0021534717599812625
2023-04-25,-0.008848907861035982
2023-04-26,-0.0009531522989942864
2023-04-27,0.0012167122071207181
2023-04-28,0.00024266080201384987
2023-05-01,-0.0023977960477741256
2023-05-02,0.0002346433558193528
2023-05-03,-4.658990042216704e-05
2023-05-04,0.0050904622800596044
2023-05-05,0.003012001184095503
2023-05-08,0.0010138170662652435
2023-05-09,0.003935052839585174
2023-05-10,-0.002511263796308172
2023-05-11,-0.01841077971185401
2023-05-12,-0.002069976001294771
2023-05-15,0.005442818906010949
2023-05-16,-0.009660110791504972
2023-05-17,0.0036775953178402876
2023-05-18,-0.008562500613321977
2023-05-19,0.006363212295151577
2023-05-22,-0.0037525485939898795
2023-05-23,-0.004296384158400834
2023-05-24,-0.010584554390891565
2023-05-25,-0.004124993703883972
2023-05-26,0.009063803084194744
2023-05-30,-0.0015560926298742173
2023-05-31,0.00047321594230131936
2023-06-01,0.008939380717817746
2023-06-02,-0.0020713629313666715
2023-06-05,0.003070540960999013
2023-06-06,0.002772710901841613
2023-06-07,-0.0051677589973839755
2023-06-08,0.009025005622249838
2023-06-09,-0.0012582905730036398
2023-06-12,-0.0026578545340927295
2023-06-13,-0.003261395133883238
2023-06-14,0.0010843600105368
2023-06-15,0.006434049805158937
2023-06-16,0.00391349857528045
2023-06-20,-0.009574123792618794
2023-06-21,-0.0016983880154884945
2023-06-22,-0.007806141365104602
2023-06-23,-0.004779387152089809
2023-06-26,0.00281552509601668
2023-06-27,-0.002809762631437951
2023-06-28,-0.005312007221405013
2023-06-29,-0.0043216207150866826
2023-06-30,0.004405540836577515
2023-07-03,0.003907919272841065
2023-07-05,-0.0035246100895611754
2023-07-06,-0.0016278582198583358
2023-07-07,0.0033319375014402297
2023-07-10,0.0015047188555252777
2023-07-11,0.0018137781131202235
2023-07-12,0.006763079552330353
2023-07-13,0.008034157173780754
2023-07-14,0.0003716222729299723
2023-07-17,-0.0066197886232921554
2023-07-18,0.005729564103688967
2023-07-19,0.001973642141464893
2023-07-20,0.00036389735210518026
2023-07-21,-0.0021709896269239692
2023-07-24,0.004913726185881151
2023-07-25,0.006869983357050469
2023-07-26,-0.0003693252752520193
2023-07-27,-0.01040993312332028
2023-07-28,0.00663597222263812
2023-07-31,0.005026398764043538
2023-08-01,-0.009250738042479223
2023-08-02,-0.012809160799230557
2023-08-03,0.004357823888185619
2023-08-04,0.0039852827734021545
2023-08-07,-0.004341307697747432
2023-08-08,-0.004317490337875207
2023-08-09,0.00275881074871398
2023-08-10,-0.003589477424836951
2023-08-11,0.0005036496966328574
2023-08-14,-0.00476281071586282
2023-08-15,-0.00800034275954109
2023-08-16,-0.007020402103030787
2023-08-17,0.002675858978766099
2023-08-18,0.0060621643395661895
2023-08-21,-0.0018138135661723842
2023-08-22,-0.0029192387008769582
2023-08-23,-0.001949318108089182
2023-08-24,0.0025369112337245703
2023-08-25,0.006210487615115889
2023-08-28,0.001845591154472359
2023-08-29,0.003927443745020076
2023-08-30,0.0021677721371591296
2023-08-31,0.0052449503852720625
2023-09-01,0.008668081685260454
2023-09-05,0.0004476838407581063
2023-09-06,0.00012213449828357703
2023-09-07,-0.004090843719981918
2023-09-08,0.000803297053169727
2023-09-11,0.0035802500509087842
2023-09-12,0.004868266017031164
2023-09-13,-0.0011042775395790905
2023-09-14,0.006174406830435686
2023-09-15,0.006276838438929122
2023-09-18,0.0016557312906053667
2023-09-19,0.0007732150061039444
2023-09-20,-0.005339536129341904
2023-09-21,-0.0035933230532906313
2023-09-22,0.0017942932151124857
2023-09-25,-0.005605146374728753
2023-09-26,-0.0022144078539185763
2023-09-27,0.00233799095539422
2023-09-28,-0.0033728419930970643
2023-09-29,-0.01233448669517112
2023-10-02,-0.012905009938743994
2023-10-03,-2.0258458051092276e-05
2023-10-04,-0.019631441518170534
2023-10-05,-0.006381754560840669
2023-10-06,0.00263201172147709
2023-10-09,0.014633369300233179
2023-10-10,-0.002382194961777606
2023-10-11,-0.006408136435482326
2023-10-12,0.002048329884958955
2023-10-13,0.018507184812119437
2023-10-16,-0.0027566912468530713
2023-10-17,0.003024609838491399
2023-10-18,0.004997048964669126
2023-10-19,0.008285807445565618
2023-10-20,-0.00449884116898136
2023-10-23,-0.007238043933136651
2023-10-24,-0.008570751035049007
2023-10-25,0.005973403266319899
2023-10-26,-0.006158352300781211
2023-10-27,0.008692278057217617
2023-10-30,-0.011089849741489965
2023-10-31,-0.003852349087090867
2023-11-01,-0.0016659889325525423
2023-11-02,0.009912122563657588
2023-11-03,-0.004163889207571603
2023-11-06,0.0008099450245568907
2023-11-07,-0.017734483898829034
2023-11-08,-0.006965473588069426
2023-11-09,-0.0011247690170246294
2023-11-10,0.006529853673525876
2023-11-13,0.00910923160163124
2023-11-14,-0.002378091011065009
2023-11-15,-0.00597160944747277
2023-11-16,-0.01759382628919004
2023-11-17,0.01324415194164863
2023-11-20,0.008254954615807941
2023-11-21,0.0019092162304010785
2023-11-22,-0.005550779270695916
2023-11-24,-0.007119997482386009
2023-11-27,-0.005740277837116725
2023-11-28,0.010386725617228976
2023-11-29,0.0075365518990997415
2023-11-30,-0.00902197809339611
2023-12-01,-0.008451257450415195
2023-12-04,-0.01716713862911934
2023-12-05,-0.00704697619867134
2023-12-06,-0.012338199540453343
2023-12-07,0.0049016398397629946
2023-12-08,-0.001391127525400604
2023-12-11,-0.006884470960005773
2023-12-12,-0.0015665117667310602
2023-12-13,0.014218931085939301
2023-12-14,0.012094478839344669
2023-12-15,-0.0009647159617605094
2023-12-18,0.0018717821635942933
2023-12-19,0.005616484692676504
2023-12-20,-0.0060883869349824815
2023-12-21,0.004580838367738815
2023-12-22,0.004293093991226238
2023-12-26,0.0029047884707293914
2023-12-27,0.006546713518907232
2023-12-28,-0.004488103379644559
2023-12-29,-0.004529433575012787
2024-01-02,-0.006995326311235228
2024-01-03,-0.004893287701354443
2024-01-04,-0.0030522951327512926
2024-01-05,-0.0035819526528544365
2024-01-08,-0.005114459061493215
2024-01-09,-0.003630612864504612
2024-01-10,-0.0012888061304755505
2024-01-11,0.001131090209648411
2024-01-12,-0.00391472270354154
2024-01-16,0.0007897806878502944
2024-01-17,-0.009974139690843264
2024-01-18,0.008683485530633472
2024-01-19,0.003975419230959565
2024-01-22,-0.004536080199961989
2024-01-23,0.01247155655205412
2024-01-24,0.005066961168435524
2024-01-25,-0.0015556176216885431
2024-01-26,0.0038705373948673127
2024-01-29,0.0032836090991661404
2024-01-30,0.005626817676815721
2024-01-31,-0.004054770251742168
2024-02-01,-0.002064442493977414
2024-02-02,-0.004218551969760176
2024-02-05,-0.005811720228463657
2024-02-06,0.0037153091906150237
2024-02-07,-0.0027193181365300356
2024-02-08,-0.0014992014965515832
2024-02-09,-0.0024413915889172078
2024-02-12,0.0018855232094792118
2024-02-13,-0.006120909011944953
2024-02-14,-0.0011736764341767625
2024-02-15,0.005178749354033174
2024-02-16,0.00443085816442057
2024-02-20,0.006760846364409989
2024-02-21,0.0034626754917097546
2024-02-22,0.000358593336859947
2024-02-23,0.00030166938241737995
2024-02-26,-0.0007294683740860508
2024-02-27,0.0021912517185032065
2024-02-28,-0.0036631792468169166
2024-02-29,0.002868863798797916
2024-03-01,0.006096200244375183
2024-03-04,0.00485397268315646
2024-03-05,-0.0036352332430222845
2024-03-06,0.007551946969635015
2024-03-07,0.0073893666415816295
2024-03-08,-0.0025545191526503697
2024-03-11,0.00770758549813122
2024-03-12,1.9902014914086052e-05
2024-03-13,0.012829359790688999
2024-03-14,0.0023855012011688714
2024-03-15,0.009635569026393398
2024-03-18,0.005171165071258477
2024-03-19,-0.005448581599359237
2024-03-20,0.005463607477955712
2024-03-21,-0.00043337890266881285
2024-03-22,-0.005711631375752035
2024-03-25,0.010969583089849966
2024-03-26,-0.004576066741860618
2024-03-27,0.004478775770848431
2024-03-28,0.008124389303481028
2024-04-01,0.009587164712669294
2024-04-02,0.008580408399423423
2024-04-03,0.016856076059519998
2024-04-04,-0.0011390167236365878
2024-04-05,0.012458339432706245
2024-04-08,0.0050442299040567296
2024-04-09,0.005191140376492376
2024-04-10,-0.0015786018799925916
2024-04-11,0.006330056261841355
2024-04-12,-0.0015060484227478188
2024-04-15,0.016629071007393303
2024-04-16,-0.01274448699619557
2024-04-17,-0.0036706094486174123
2024-04-18,0.007885102624385132
2024-04-19,0.00818798993298353
2024-04-22,-0.012119252352841392
2024-04-23,-0.0047239725205191485
2024-04-24,0.0038567486649643268
2024-04-25,0.006065309536975372
2024-04-26,0.0003137428826920363
2024-04-29,-0.0003728009669340393
2024-04-30,-0.018812251778218436
2024-05-01,-0.00880503698183921
2024-05-02,-0.00440821283778392
2024-05-03,0.004507617033199018
2024-05-06,0.007929311839443454
2024-05-07,0.004147760124696642
2024-05-08,-0.0034274744708203686
2024-05-09,0.009541188062352601
2024-05-10,0.002424628329809053
2024-05-13,0.0002179905508361557
2024-05-14,0.005220946488128098
2024-05-15,0.013523713519064229
2024-05-16,-0.0024418889574211455
2024-05-17,0.021451448508655213
2024-05-20,0.0025993237253070234
2024-05-21,0.0012987764151164427
2024-05-22,-0.022164402388905158
2024-05-23,-0.007345327351429787
2024-05-24,0.004886043485118785
2024-05-28,0.023438748452147662
2024-05-29,-0.006441897411844977
2024-05-30,-0.013981104221299168
2024-05-31,-0.00716657354281347
2024-06-03,-0.004130898687660811
2024-06-04,-0.012368858928974769
2024-06-05,0.005558166277172205
2024-06-06,0.00995732208194866
2024-06-07,-0.030472947603768397
2024-06-10,0.006762325212556597
2024-06-11,-0.003991842829028425
2024-06-12,0.00790699985766996
2024-06-13,-0.005423388188052103
2024-06-14,0.0011444722419273745
2024-06-17,-0.003026611487098485
2024-06-18,0.003409748128414769
2024-06-20,0.007175335769849411
2024-06-21,-0.01060632618379298
2024-06-24,-0.001422665320606309
2024-06-25,-0.007945836857582877
2024-06-26,0.003370857480657685
2024-06-27,-0.004388771066845432
2024-06-28,0.005131760291600784
2024-07-01,-0.0013124044549126523
2024-07-02,0.0016905754666822759
2024-07-03,0.011044735343210599
2024-07-05,0.009652967326831297
2024-07-08,-0.010319639534763447
2024-07-09,-0.002587428229290256
2024-07-10,0.001960986401500886
2024-07-11,0.006200504009722385
2024-07-12,-0.0032171934958191706
2024-07-15,-0.002897876607378058
2024-07-16,-0.0038932305241963228
2024-07-17,-0.0013891306992693808
2024-07-18,-0.01139848034868296
2024-07-19,-0.01503310208365971
2024-07-22,-0.0009322082983894697
2024-07-23,-0.005747908726483231
2024-07-24,-0.00542538693024619
2024-07-25,-0.002978061581386915
2024-07-26,-0.0030661948296335506
2024-07-29,-0.0071883825424946535
2024-07-30,0.0014683257693917096
2024-07-31,0.023193877365514037
2024-08-01,-0.015097861650225641
2024-08-02,-0.008535905113829068
2024-08-05,-0.014063872049360993
2024-08-06,-0.0028608127981375464
2024-08-07,0.004272008014931439
2024-08-08,0.01050793630639868
2024-08-09,0.006402736387950192
2024-08-12,0.015413077461392755
2024-08-13,-0.006691414160943654
2024-08-14,-0.0068744082806436735
2024-08-15,0.013807522353332491
2024-08-16,0.003176905463132762
2024-08-19,0.0017353377937696646
2024-08-20,-0.0011733318681084182
2024-08-21,0.0013099372082043814
2024-08-22,-0.005110621322082842
2024-08-23,0.0170521195419715
2024-08-26,0.009735478502051809
2024-08-27,-0.001875503140678747
2024-08-28,-0.013609409350753054
2024-08-29,0.003998370645815985
2024-08-30,-0.009217991891167565
2024-09-03,-0.022647576286791482
2024-09-04,-0.004779444070754479
2024-09-05,0.005353069884046491
2024-09-06,-0.01235542315800664
2024-09-09,0.01105978518746098
2024-09-10,-0.002354638620954086
2024-09-11,0.011138645491865828
2024-09-12,0.01439001490873304
2024-09-13,0.011397607880997862
2024-09-16,0.005219654673608742
2024-09-17,-0.0008729260423304686
2024-09-18,-0.0060724739128699134
2024-09-19,0.01264212436268397
2024-09-20,-0.0010472602936002495
2024-09-23,0.0035119324825811926
2024-09-24,0.022332428001876403
2024-09-25,-0.002728799820736816
2024-09-26,0.009961429072364414
2024-09-27,-0.0034556321956985547
2024-09-30,-0.010132257160029634
2024-10-01,0.0005863279224351814
2024-10-02,0.008100597516305541
2024-10-03,-0.007618067825538866
2024-10-04,0.001417546233057232
2024-10-07,-0.0055242114246875085
2024-10-08,-0.01045601304621957
2024-10-09,-0.004823899201916282
2024-10-10,0.009849390610194186
2024-10-11,0.00965536467602579
2024-10-14,-0.005871941924406321
2024-10-15,-0.0029274156292286024
2024-10-16,0.0016211215565202775
2024-10-17,-0.001992990972203179
2024-10-18,0.011426247901888065
2024-10-21,-0.002778078557749697
2024-10-22,0.008706309496672393
2024-10-23,-0.009151441826091733
2024-10-24,0.0010779421508897435
2024-10-25,-0.0010411505567797796
2024-10-28,0.004256300174731997
2024-10-29,0.006948099586177481
2024-10-30,-0.004370539184232469
2024-10-31,-0.008149242648461397
2024-11-01,-0.003775512878117837
2024-11-04,0.0013518248709278868
2024-11-05,0.004960341563176263
2024-11-06,-0.018248808765357727
2024-11-07,0.018538098052312657
2024-11-08,-0.01326344371231214
2024-11-11,-0.009301367635022317
2024-11-12,-0.0036086852481744813
2024-11-13,-0.005482413503342776
2024-11-14,0.001690627058610561
2024-11-15,0.004097266398844335
2024-11-18,0.008908818573380328
2024-11-19,0.006133539434467927
2024-11-20,-0.001416882652364615
2024-11-21,0.0016846344161376425
2024-11-22,0.004129605616408405
2024-11-25,-0.007625260045989624
2024-11-26,0.0013858199457099651
2024-11-27,0.0015748844403231654
2024-11-29,0.0031753204478390806
2024-12-02,-0.004049726300130119
2024-12-03,-0.0006263128635702886
2024-12-04,0.0017985117384839988
2024-12-05,0.0023878525651201965
2024-12-06,0.0024074610696820375
2024-12-09,0.003489113251494924
2024-12-10,0.005301314026137094
2024-12-11,0.0015676386478638005
2024-12-12,-0.0039387591180944925
2024-12-13,-0.001384154192916709
2024-12-16,0.0011883492551254538
2024-12-17,-0.00305412488443757
2024-12-18,-0.011835045090352936
2024-12-19,-0.006138751086476102
2024-12-20,0.008336205865239643
2024-12-23,-0.0006813440301698392
2024-12-24,0.003984680357735693
2024-12-26,0.0003688779405532916
2024-12-27,-0.008898109620871009
2024-12-30,0.00029517167643833275
2024-12-31,0.0020236385398868517
2025-01-02,0.003669966684241688
2025-01-03,-0.021170968701679116
2025-01-06,0.021386704591093375
2025-01-07,-0.01317850211343996
2025-01-08,0.0154174386881345
2025-01-10,0.019698692284431996
2025-01-13,-0.0020828074425530696
2025-01-14,0.00343347238595193
2025-01-15,0.009967922993299627
2025-01-16,0.007745979306999606
2025-01-17,-0.016649611011331333
2025-01-21,-0.0012640337420577463
2025-01-22,0.013632859731811164
2025-01-23,-0.0034293254489128344
2025-01-24,0.0006080724447656838
2025-01-27,-0.014388323027591077
2025-01-28,-0.00719527567424505
2025-01-29,0.008376616697145511
2025-01-30,-0.006382609593349131
2025-01-31,0.00016399415679768659
2025-02-03,0.020404358380348597
2025-02-04,0.005177673961678897
2025-02-05,0.002250411959620502
2025-02-06,-0.0028328279023095426
2025-02-07,0.00254949249586911
2025-02-10,0.01659293066263179
2025-02-11,-0.0005563629046749785
2025-02-12,-0.0003949435267275314
2025-02-13,0.008102127146957905
2025-02-14,-0.008555102777440649
2025-02-18,0.011696737986413908
2025-02-19,0.0027957094455905995
2025-02-20,-0.0010546441250922634
2025-02-21,-0.01460743175275181
2025-02-24,-0.004679834474897171
2025-02-25,-0.010266124584511815
2025-02-26,0.0002353946265651885
2025-02-27,-0.0031890957905140738
2025-02-28,-0.007527206079191107
2025-03-03,-0.0026027534443111566
2025-03-04,0.006884887330807832
2025-03-05,0.020835783252457274
2025-03-06,-0.005884219992606132
2025-03-07,-0.0006102350462721118
2025-03-10,-0.004538716863536796
2025-03-11,0.012164099891991409
2025-03-12,-3.4346591663680925e-05
2025-03-13,0.010214152645056984
2025-03-14,-0.003001358829709422
2025-03-17,0.008513380356272027
2025-03-18,0.004770657669999512
2025-03-19,0.007851505161644123
2025-03-20,-0.004289335211619116
2025-03-21,-0.007109102642188003
2025-03-24,-0.002682666236200837
2025-03-25,0.010162628887920189
2025-03-26,-0.002343399469176166
2025-03-27,0.000534949585763389
2025-03-28,0.002787743770724438
2025-03-31,-0.00030098957478064126
2025-04-01,-0.00016752226277538806
2025-04-02,0.005891431820684412
2025-04-03,-0.03278628907566705
2025-04-04,-0.04752829746347398
2025-04-07,-0.022677585542042022
2025-04-08,-0.016332734209226207
2025-04-09,0.04713092876844627
2025-04-10,-0.007097543272223894
2025-04-11,0.022263823295335827
2025-04-14,0.001653960728612125
2025-04-15,-0.0025430073163099642
2025-04-16,0.016634870244327082
2025-04-17,8.690787140364087e-05
2025-04-21,0.0021340799665396926
2025-04-22,0.0007192248177902982
2025-04-23,0.000957657095079778
2025-04-24,0.0041945108423193656
2025-04-25,-0.0021511398779949786
2025-04-28,0.006569266541717189
2025-04-29,-0.005317787167146482
2025-04-30,-0.011734328257588356
2025-05-01,-0.0015608801559787722
2025-05-02,0.012085241254284895
2025-05-05,0.001627806949442867
2025-05-06,0.0022907763022397276
2025-05-07,-5.04970916679337e-05
2025-05-08,-0.004523519467503401
2025-05-09,0.01147988645342446
2025-05-12,-0.009762720655668189
2025-05-13,0.004161387621461232
2025-05-14,-0.01296152979474452
2025-05-15,-0.0004581839794057796
2025-05-16,-0.006517670783722451
2025-05-19,-0.0038625670323626515
2025-05-20,0.01729589407100396
2025-05-21,0.0005126043432983618
2025-05-22,-0.0052919754421199006
2025-05-23,0.009720781545101698
2025-05-27,-0.004917912183209694
2025-05-28,-0.01262946035888346
2025-05-29,-0.001747181750153759
2025-05-30,-0.0019061051281508146
2025-06-02,0.01995376784365055
2025-06-03,0.0002849967915130591
2025-06-04,0.0031242334339449673
2025-06-05,0.007300119857744702
2025-06-06,0.0023014187073164827
2025-06-09,0.005612559580754128
2025-06-10,-0.003373481807733447
2025-06-11,-0.0008903695991516747
2025-06-12,0.0069291229559018674
2025-06-13,-0.005129201821601703
2025-06-16,0.006591560619736203
2025-06-17,0.006239672155826659
2025-06-18,0.008137193925952468
2025-06-20,-0.009293270924115915
2025-06-23,0.0004190979942930717
2025-06-24,-0.004184228485778041
2025-06-25,0.003833350919882461
2025-06-26,0.00836940157105226
2025-06-27,-0.004514507192502459
2025-06-30,-0.0053687846952645835
2025-07-01,-0.0004150822282104061
2025-07-02,0.013658496761694172
2025-07-03,-0.005806613119234139
2025-07-07,-0.0015815429600024578
2025-07-08,0.012184055035683095
2025-07-09,0.0006419078368404829
2025-07-10,0.0031765222847786045
2025-07-11,0.010339347841065383
2025-07-14,-0.008451366941018557
2025-07-15,-0.002176513252808321
2025-07-16,0.003844617534694894
2025-07-17,0.004909627079364043
2025-07-18,3.0153562137424927e-05
2025-07-21,0.005565363683295965
2025-07-22,0.004361134990888305
2025-07-23,-0.0005826985772168225
2025-07-24,8.094696942673174e-05
2025-07-25,-0.00772068476887966
2025-07-28,-0.0025503230264413146
2025-07-29,0.007166380681477902
2025-07-30,-0.04022418978311504
2025-07-31,-0.007425858871617508
2025-08-01,0.001448827812337905
2025-08-04,0.00419770111941542
2025-08-05,-0.0007717366712148843
2025-08-06,0.005444968003355477
2025-08-07,0.003265276666735817
2025-08-08,3.2718421124844355e-05
2025-08-11,-0.005183830099912856
2025-08-12,0.004334449371143245
2025-08-13,0.0004998947836412082
2025-08-14,0.0015694068363274472
2025-08-15,-0.004200282083407725
2025-08-18,-0.001985844985189833
2025-08-19,-0.006161385519728557
2025-08-20,0.007208478828602205
2025-08-21,0.0024087776345163014
2025-08-22,0.005768783084894036
2025-08-25,-0.0028387864871881607
2025-08-26,0.003172413752646319
2025-08-27,-0.003507635216422389
2025-08-28,0.00505878445775787
2025-08-29,0.005829851398989172
2025-09-02,0.009933813797248892
2025-09-03,-0.001878524810365434
2025-09-04,-0.00675726866590165
2025-09-05,-0.0001233674296290399
2025-09-08,0.004979674565456005
2025-09-09,-0.003071684603353164
2025-09-10,0.005972819852222422
2025-09-11,-0.0001965608761491655
2025-09-12,0.005019455479334134
2025-09-15,0.00844601102854714
2025-09-16,-1.902153145039165e-05
2025-09-17,-0.012224697447952848
2025-09-18,-0.00015591699371231282
2025-09-19,0.0033778985593881927
2025-09-22,0.005461391572940455
2025-09-23,0.005678114229958897
2025-09-24,0.0011464199418989018
2025-09-25,0.008164784293647864
2025-09-26,0.006826451637384157
2025-09-29,0.0005209094833684702
2025-09-30,-0.003420810432253396
2025-10-01,-0.0001496607884913237
2025-10-02,0.0016129628095631343
2025-10-03,0.007750879535493249
2025-10-06,0.005541976280893923
2025-10-07,7.624508504333605e-05
2025-10-08,0.007131349911914553
2025-10-09,-0.001781779047916876
2025-10-10,-0.0040622554268955335
2025-10-13,0.013273635672976347
2025-10-14,-0.002481844168160996
2025-10-15,0.007121586766730692
2025-10-16,0.010779095238438785
2025-10-17,-0.015978249444982606
2025-10-20,0.010865165111705988
2025-10-21,-0.02614537813108353
2025-10-22,0.011365517877668374
2025-10-23,0.0029964858984548037
2025-10-24,-0.0012963509014971564
2025-10-27,-0.006613627532136346
2025-10-28,0.0003128775248724125
2025-10-29,0.0013431776005341511
2025-10-30,0.005441670778040919
2025-10-31,-0.0012591141752810175
2025-11-03,-0.0021354045640759045
2025-11-04,-0.012304097835323935
2025-11-05,0.0025704989262715916
2025-11-06,-0.003094025214356866
2025-11-07,0.0043614221330421366
2025-11-10,0.014399216044965302
2025-11-11,0.005209797168117314
2025-11-12,0.0013259633395645842
2025-11-13,-0.00662609919156798
2025-11-14,-0.0041568322684092385
2025-11-17,-0.0068600534242969635
2025-11-18,0.004360764781035753
2025-11-19,-0.0007758332264373724
2025-11-20,-0.007880992844581436
2025-11-21,-0.002357486691736854
2025-11-24,0.01193765543787828
2025-11-25,-0.0022412372869867747
2025-11-26,0.013121290177583012
2025-11-28,0.018540723861528274
2025-12-01,0.0026173007791954195
2025-12-02,-0.0027350073766138072
2025-12-03,0.008590878151073289
2025-12-04,-0.004475197720546054
2025-12-05,0.006043508577065371
2025-12-08,-0.0009785976596119461
2025-12-09,0.0022495071914259146
2025-12-10,0.0032115933633452
2025-12-11,0.011897211120376339
2025-12-12,-0.005277804817272802
2025-12-15,0.008077198311943867
2025-12-16,0.0003158606069972869
2025-12-17,0.011554144431163094
2025-12-18,0.0006104857609359193
2025-12-19,0.00893089511429812
2025-12-22,0.01396891987739779
2025-12-23,0.018016018741538797
2025-12-24,-0.0011889165926377565
2025-12-26,0.029650334527058897
2025-12-29,-0.036533428867877915
2025-12-30,0.01696382316588152
2025-12-31,-0.015321814318764337
2026-01-02,0.00757460837645918
2026-01-05,0.02539886559890281
2026-01-06,0.017802471398823405
2026-01-07,-0.018193115113728453
2026-01-08,-0.004159066316859583
2026-01-09,0.009719412160273055
2026-01-12,0.015197255059019366
2026-01-13,0.000648900289913934
2026-01-14,0.015266042394717294
2026-01-15,-0.00671525169351983
2026-01-16,-0.012887040024705643
2026-01-20,0.014166945579493495
2026-01-21,0.0015084965728946464
2026-01-22,0.011134990136907108
2026-01-23,0.0173232259477909
2026-01-26,0.0054942097893677655
2026-01-27,0.004074212453098358
2026-01-28,0.0137360469754928
2026-01-29,0.009830882208572422
2026-01-30,-0.06779585481123318
2026-02-02,-0.014838452403085234
2026-02-03,0.0195284077572786
2026-02-04,-0.004423761939443938
2026-02-05,-0.02096697133909997
2026-02-06,0.014441151546328301
2026-02-09,0.010523243229717316
2026-02-10,-0.006481262370477081
2026-02-11,0.007191826642770405
2026-02-12,-0.019206212056388616
2026-02-13,0.005882226991205108
2026-02-17,-0.010567703343730361
2026-02-18,0.011143772528540152
2026-02-19,0.00014172632671871632
2026-02-20,0.01145366434925199
2026-02-23,0.0035468903020976494
2026-02-24,0.0011397615816448603
2026-02-25,0.005877199913797648
2026-02-26,0.0002597470591267914
2026-02-27,0.006652443162851185
2026-03-02,-0.0038697646488383697
2026-03-03,-0.014957344473038092
2026-03-04,0.004709868267259942
2026-03-05,-0.004911583707305822
2026-03-06,0.004480835351951873
2026-03-09,0.0030370538086044174
2026-03-10,0.0031930600447369617
2026-03-11,-0.0013002374515063142
2026-03-12,-0.004989438853030159
2026-03-13,-0.01070214013026205
2026-03-16,0.0061302353355767725
2026-03-17,-0.003213175469363838
2026-03-18,-0.013189836902663177
2026-03-19,-0.008125568401646133
2026-03-20,-0.01287054327502013
2026-03-23,0.0027516458862657522
2026-03-24,-7.3751208226058296e-06
2026-03-25,0.007548056242377976
2026-03-26,-0.01123447223052565
2026-03-27,0.0069368734479751115
2026-03-30,0.003064483668753004
2026-03-31,0.011167877675882787
2026-04-01,0.001995446867030015
2026-04-02,0.015179535713276238
2026-04-06,0.001124557034906326
2026-04-07,-0.002429934408901935
2026-04-08,-0.015014994896807354
2026-04-09,0.0060705213641658595
2026-04-10,-0.005500778991177291
2026-04-13,0.006179431820620973
2026-04-14,-0.0010827963039576893
2026-04-15,-0.0019618646128527484
